uid,analyte,analyteUnits,sampleType,qaReferenceID,analyteKnownValue,analyteObservedValue,analyteAbsoluteError,analyteAccuracy,analyteStandardDeviation,analyteMetricsCount,qaReportingStartDate,qaReportingEndDate,laboratoryName,instrument,testMethod,method,dataQF,publicationDate,release
4408515e-3519-40d0-b108-71afd1d76dee,carbonPercent,percent,soil,UWSIF-46-Soil3,1.13,1.13,0.04,-0.002,0.05,164,2017-09-25,2017-12-31,University of Wyoming Stable Isotope Facility,Costech 4010 Elemental Analyzer coupled to a Thermo Delta Plus XP IRMS,010 (combustion/reduction organics),"Schepers et al. (1989) Simultaneous determination of total C, total N, and 15N on soil and plant material. Communications in Soil Science and Plant Analysis 20(9-10), 949-959.",,20240104T225302Z,RELEASE-2024
86eb8cc5-6fbc-40f4-95c5-bc4ab27db477,d15N,permill,vegetation,UWSIF-05-Alfalfa,0.19,0.18,0.07,-0.01,0.02,1189,2018-01-01,2018-12-31,University of Wyoming Stable Isotope Facility,Costech 4010 Elemental Analyzer coupled to a Thermo Delta Plus XP IRMS,010 (combustion/reduction organics),"Schepers et al. (1989) Simultaneous determination of total C, total N, and 15N on soil and plant material. Communications in Soil Science and Plant Analysis 20(9-10), 949-959.",,20240104T225302Z,RELEASE-2024
24bcf222-3e22-40c8-b449-b32673f1fce2,d13C,permill,soil,UWSIF-45-Soil2,-26.9,-26.68,0.22,0.22,0.14,214,2015-01-01,2015-12-31,University of Wyoming Stable Isotope Facility,Costech 4010 Elemental Analyzer coupled to a Thermo Delta Plus XP IRMS,010 (combustion/reduction organics),"Schepers et al. (1989) Simultaneous determination of total C, total N, and 15N on soil and plant material. Communications in Soil Science and Plant Analysis 20(9-10), 949-959.",,20240104T225302Z,RELEASE-2024
a5510f4f-3a85-494f-b43e-99311e59bb23,carbonPercent,percent,soil,UWSIF-46-Soil3,1.13,1.17,0.04,0.03,0.04,46,2020-01-01,2020-09-14,University of Wyoming Stable Isotope Facility,Costech 4010 Elemental Analyzer coupled to a Thermo Delta Plus XP IRMS,010 (combustion/reduction organics),"Schepers et al. (1989) Simultaneous determination of total C, total N, and 15N on soil and plant material. Communications in Soil Science and Plant Analysis 20(9-10), 949-959.",,20240104T225302Z,RELEASE-2024
7b7ae55d-c8ce-4a95-9063-90e1f07113f7,d13C,permill,vegetation,UWSIF-47-Alfalfa,-28.49,-28.5,0.14,-0.02,0.17,479,2022-02-12,2022-12-31,University of Wyoming Stable Isotope Facility,Costech 4010 Elemental Analyzer coupled to a Thermo Delta Plus XP IRMS,010 (combustion/reduction organics),"Schepers et al. (1989) Simultaneous determination of total C, total N, and 15N on soil and plant material. Communications in Soil Science and Plant Analysis 20(9-10), 949-959.",,20240104T225302Z,RELEASE-2024
4da10753-75be-4acb-8376-0fd9e441bf5d,carbonPercent,percent,vegetation,UWSIF-05-Alfalfa,42.61,43.05,0.64,0.44,0.69,1189,2018-01-01,2018-12-31,University of Wyoming Stable Isotope Facility,Costech 4010 Elemental Analyzer coupled to a Thermo Delta Plus XP IRMS,010 (combustion/reduction organics),"Schepers et al. (1989) Simultaneous determination of total C, total N, and 15N on soil and plant material. Communications in Soil Science and Plant Analysis 20(9-10), 949-959.",,20240104T225302Z,RELEASE-2024
950e56d2-b975-4c44-a198-682b71da7b3a,d15N,permill,soil,UWSIF-46-Soil3,6.12,6.09,0.13,-0.03,0.17,171,2022-01-01,2022-12-31,University of Wyoming Stable Isotope Facility,Costech 4010 Elemental Analyzer coupled to a Thermo Delta Plus XP IRMS,010 (combustion/reduction organics),"Schepers et al. (1989) Simultaneous determination of total C, total N, and 15N on soil and plant material. Communications in Soil Science and Plant Analysis 20(9-10), 949-959.",,20240104T225302Z,RELEASE-2024
086ba126-f173-4e98-9c04-c8d632deddd0,d13C,permill,soil,UWSIF-46-Soil3,-23.53,-23.59,0.12,-0.06,0.15,526,2018-01-01,2018-12-31,University of Wyoming Stable Isotope Facility,Costech 4010 Elemental Analyzer coupled to a Thermo Delta Plus XP IRMS,010 (combustion/reduction organics),"Schepers et al. (1989) Simultaneous determination of total C, total N, and 15N on soil and plant material. Communications in Soil Science and Plant Analysis 20(9-10), 949-959.",,20240104T225302Z,RELEASE-2024
fddd3497-7a56-43b7-8791-75a1da6e838d,d13C,permill,soil,UWSIF-46-Soil3,-23.53,-23.55,0.15,-0.02,0.2,201,2022-01-01,2022-12-31,University of Wyoming Stable Isotope Facility,Costech 4010 Elemental Analyzer coupled to a Thermo Delta Plus XP IRMS,010 (combustion/reduction organics),"Schepers et al. (1989) Simultaneous determination of total C, total N, and 15N on soil and plant material. Communications in Soil Science and Plant Analysis 20(9-10), 949-959.",,20240104T225302Z,RELEASE-2024
0af2118b-c8b5-41d1-9426-780ca175a531,d15N,permill,soil,UWSIF-46-Soil3,6.12,6.15,0.18,0.03,0.23,194,2019-01-01,2019-12-31,University of Wyoming Stable Isotope Facility,Costech 4010 Elemental Analyzer coupled to a Thermo Delta Plus XP IRMS,010 (combustion/reduction organics),"Schepers et al. (1989) Simultaneous determination of total C, total N, and 15N on soil and plant material. Communications in Soil Science and Plant Analysis 20(9-10), 949-959.",,20240104T225302Z,RELEASE-2024
37e527cd-5839-409f-ba2e-8cfef569e3db,carbonPercent,percent,soil,UWSIF-46-Soil3,1.13,1.16,0.04,0.03,0.05,171,2022-01-01,2022-12-31,University of Wyoming Stable Isotope Facility,Costech 4010 Elemental Analyzer coupled to a Thermo Delta Plus XP IRMS,010 (combustion/reduction organics),"Schepers et al. (1989) Simultaneous determination of total C, total N, and 15N on soil and plant material. Communications in Soil Science and Plant Analysis 20(9-10), 949-959.",,20240104T225302Z,RELEASE-2024
e21b1506-aefd-47b7-b2eb-4719625ab077,nitrogenPercent,percent,vegetation,UWSIF-47-Alfalfa,2.76,2.73,0.05,-0.03,0.06,494,2022-02-12,2022-12-31,University of Wyoming Stable Isotope Facility,Costech 4010 Elemental Analyzer coupled to a Thermo Delta Plus XP IRMS,010 (combustion/reduction organics),"Schepers et al. (1989) Simultaneous determination of total C, total N, and 15N on soil and plant material. Communications in Soil Science and Plant Analysis 20(9-10), 949-959.",,20240104T225302Z,RELEASE-2024
0cc2a731-8ea8-4aeb-93f5-8d8cbe623ee1,carbonPercent,percent,vegetation,UWSIF-05-Alfalfa,42.61,42.6,0.83,-0.01,0.95,531,2016-01-01,2016-12-31,University of Wyoming Stable Isotope Facility,Costech 4010 Elemental Analyzer coupled to a Thermo Delta Plus XP IRMS,010 (combustion/reduction organics),"Schepers et al. (1989) Simultaneous determination of total C, total N, and 15N on soil and plant material. Communications in Soil Science and Plant Analysis 20(9-10), 949-959.",,20240104T225302Z,RELEASE-2024
2da0ffe8-b735-4d70-9cf5-a7a19c4d273e,carbonPercent,percent,soil,UWSIF-46-Soil3,1.13,1.15,0.03,0.02,0.04,212,2019-01-01,2019-12-31,University of Wyoming Stable Isotope Facility,Costech 4010 Elemental Analyzer coupled to a Thermo Delta Plus XP IRMS,010 (combustion/reduction organics),"Schepers et al. (1989) Simultaneous determination of total C, total N, and 15N on soil and plant material. Communications in Soil Science and Plant Analysis 20(9-10), 949-959.",,20240104T225302Z,RELEASE-2024
ee85e66c-bec5-4666-963d-86bcde7ea2e5,d15N,permill,soil,UWSIF-46-Soil3,6.12,6.17,0.14,0.05,0.17,501,2021-01-01,2021-12-31,University of Wyoming Stable Isotope Facility,Costech 4010 Elemental Analyzer coupled to a Thermo Delta Plus XP IRMS,010 (combustion/reduction organics),"Schepers et al. (1989) Simultaneous determination of total C, total N, and 15N on soil and plant material. Communications in Soil Science and Plant Analysis 20(9-10), 949-959.",,20240104T225302Z,RELEASE-2024
0468ac60-361c-4331-8581-5d350ff9b220,d13C,permill,soil,UWSIF-46-Soil3,-23.53,-23.6,0.13,-0.07,0.13,45,2020-01-01,2020-09-14,University of Wyoming Stable Isotope Facility,Costech 4010 Elemental Analyzer coupled to a Thermo Delta Plus XP IRMS,010 (combustion/reduction organics),"Schepers et al. (1989) Simultaneous determination of total C, total N, and 15N on soil and plant material. Communications in Soil Science and Plant Analysis 20(9-10), 949-959.",,20240104T225302Z,RELEASE-2024
4b44efb0-45fd-4c2d-a636-c9858a2e2780,d15N,permill,vegetation,UWSIF-05-Alfalfa,0.19,0.14,0.1,-0.05,0.12,384,2021-01-01,2021-12-31,University of Wyoming Stable Isotope Facility,Costech 4010 Elemental Analyzer coupled to a Thermo Delta Plus XP IRMS,010 (combustion/reduction organics),"Schepers et al. (1989) Simultaneous determination of total C, total N, and 15N on soil and plant material. Communications in Soil Science and Plant Analysis 20(9-10), 949-959.",,20240104T225302Z,RELEASE-2024
c25f7bbe-3972-4000-8a17-90716e4f9aa2,nitrogenPercent,percent,vegetation,UWSIF-05-Alfalfa,3.25,3.25,0.06,0.004,0.07,753,2019-01-01,2019-12-31,University of Wyoming Stable Isotope Facility,Costech 4010 Elemental Analyzer coupled to a Thermo Delta Plus XP IRMS,010 (combustion/reduction organics),"Schepers et al. (1989) Simultaneous determination of total C, total N, and 15N on soil and plant material. Communications in Soil Science and Plant Analysis 20(9-10), 949-959.",,20240104T225302Z,RELEASE-2024
4f63b18b-a657-4835-ba85-eca420e3709b,nitrogenPercent,percent,soil,UWSIF-46-Soil3,0.13,0.13,0.004,0.001,0.01,203,2019-01-01,2019-12-31,University of Wyoming Stable Isotope Facility,Costech 4010 Elemental Analyzer coupled to a Thermo Delta Plus XP IRMS,010 (combustion/reduction organics),"Schepers et al. (1989) Simultaneous determination of total C, total N, and 15N on soil and plant material. Communications in Soil Science and Plant Analysis 20(9-10), 949-959.",,20240104T225302Z,RELEASE-2024
4ea1e975-f260-404c-ada0-8de4486a1bd6,carbonPercent,percent,vegetation,UWSIF-05-Alfalfa,42.61,43.36,0.81,0.77,0.57,374,2020-01-01,2020-09-14,University of Wyoming Stable Isotope Facility,Costech 4010 Elemental Analyzer coupled to a Thermo Delta Plus XP IRMS,010 (combustion/reduction organics),"Schepers et al. (1989) Simultaneous determination of total C, total N, and 15N on soil and plant material. Communications in Soil Science and Plant Analysis 20(9-10), 949-959.",,20240104T225302Z,RELEASE-2024
98d73778-8b11-4d4c-95a9-6cd849ba010b,d13C,permill,soil,UWSIF-46-Soil3,-23.53,-23.58,0.14,-0.05,0.18,164,2017-09-25,2017-12-31,University of Wyoming Stable Isotope Facility,Costech 4010 Elemental Analyzer coupled to a Thermo Delta Plus XP IRMS,010 (combustion/reduction organics),"Schepers et al. (1989) Simultaneous determination of total C, total N, and 15N on soil and plant material. Communications in Soil Science and Plant Analysis 20(9-10), 949-959.",,20240104T225302Z,RELEASE-2024
4168de23-ee12-4863-9351-0bd5a0dcfeff,nitrogenPercent,percent,vegetation,UWSIF-05-Alfalfa,3.25,3.26,0.05,0.01,0.06,525,2017-01-01,2017-12-31,University of Wyoming Stable Isotope Facility,Costech 4010 Elemental Analyzer coupled to a Thermo Delta Plus XP IRMS,010 (combustion/reduction organics),"Schepers et al. (1989) Simultaneous determination of total C, total N, and 15N on soil and plant material. Communications in Soil Science and Plant Analysis 20(9-10), 949-959.",,20240104T225302Z,RELEASE-2024
c75a360a-69fe-4bea-9e7f-f1df953c6730,carbonPercent,percent,soil,UWSIF-45-Soil2,1.55,1.5,0.06,-0.05,0.05,387,2017-01-01,2017-09-24,University of Wyoming Stable Isotope Facility,Costech 4010 Elemental Analyzer coupled to a Thermo Delta Plus XP IRMS,010 (combustion/reduction organics),"Schepers et al. (1989) Simultaneous determination of total C, total N, and 15N on soil and plant material. Communications in Soil Science and Plant Analysis 20(9-10), 949-959.",,20240104T225302Z,RELEASE-2024
0d278bc5-700d-419d-94ab-04f742ce1ead,d15N,permill,soil,UWSIF-46-Soil3,6.12,6.08,0.15,-0.04,0.2,164,2017-09-25,2017-12-31,University of Wyoming Stable Isotope Facility,Costech 4010 Elemental Analyzer coupled to a Thermo Delta Plus XP IRMS,010 (combustion/reduction organics),"Schepers et al. (1989) Simultaneous determination of total C, total N, and 15N on soil and plant material. Communications in Soil Science and Plant Analysis 20(9-10), 949-959.",,20240104T225302Z,RELEASE-2024
db0d213b-32d4-47d6-8fab-6c4dbe417a7a,carbonPercent,percent,soil,UWSIF-46-Soil3,1.13,1.15,0.03,0.02,0.04,556,2021-01-01,2021-12-31,University of Wyoming Stable Isotope Facility,Costech 4010 Elemental Analyzer coupled to a Thermo Delta Plus XP IRMS,010 (combustion/reduction organics),"Schepers et al. (1989) Simultaneous determination of total C, total N, and 15N on soil and plant material. Communications in Soil Science and Plant Analysis 20(9-10), 949-959.",,20240104T225302Z,RELEASE-2024
baec3415-c005-46f2-92bd-9ee6fa6bc948,nitrogenPercent,percent,vegetation,UWSIF-05-Alfalfa,3.25,3.24,0.05,-0.003,0.07,413,2020-01-01,2020-09-14,University of Wyoming Stable Isotope Facility,Costech 4010 Elemental Analyzer coupled to a Thermo Delta Plus XP IRMS,010 (combustion/reduction organics),"Schepers et al. (1989) Simultaneous determination of total C, total N, and 15N on soil and plant material. Communications in Soil Science and Plant Analysis 20(9-10), 949-959.",,20240104T225302Z,RELEASE-2024
5be46bd3-22b8-4d4b-91b2-0c77e884a903,nitrogenPercent,percent,soil,UWSIF-46-Soil3,0.13,0.14,0.005,0.005,0.003,514,2021-01-01,2021-12-31,University of Wyoming Stable Isotope Facility,Costech 4010 Elemental Analyzer coupled to a Thermo Delta Plus XP IRMS,010 (combustion/reduction organics),"Schepers et al. (1989) Simultaneous determination of total C, total N, and 15N on soil and plant material. Communications in Soil Science and Plant Analysis 20(9-10), 949-959.",,20240104T225302Z,RELEASE-2024
9e94f7ee-87aa-4d44-9f11-99f9bbff9383,d15N,permill,soil,UWSIF-46-Soil3,6.12,6.01,0.17,-0.11,0.22,526,2018-01-01,2018-12-31,University of Wyoming Stable Isotope Facility,Costech 4010 Elemental Analyzer coupled to a Thermo Delta Plus XP IRMS,010 (combustion/reduction organics),"Schepers et al. (1989) Simultaneous determination of total C, total N, and 15N on soil and plant material. Communications in Soil Science and Plant Analysis 20(9-10), 949-959.",,20240104T225302Z,RELEASE-2024
274081d5-98c0-4a4c-924d-2c2a384b60c2,d15N,permill,soil,UWSIF-45-Soil2,7.17,7,0.2,-0.17,0.17,214,2015-01-01,2015-12-31,University of Wyoming Stable Isotope Facility,Costech 4010 Elemental Analyzer coupled to a Thermo Delta Plus XP IRMS,010 (combustion/reduction organics),"Schepers et al. (1989) Simultaneous determination of total C, total N, and 15N on soil and plant material. Communications in Soil Science and Plant Analysis 20(9-10), 949-959.",,20240104T225302Z,RELEASE-2024
3d1ab880-7635-4774-aaa2-1b9f90a4210e,d15N,permill,vegetation,UWSIF-05-Alfalfa,0.19,0.1,0.13,-0.08,0.2,421,2020-01-01,2020-09-14,University of Wyoming Stable Isotope Facility,Costech 4010 Elemental Analyzer coupled to a Thermo Delta Plus XP IRMS,010 (combustion/reduction organics),"Schepers et al. (1989) Simultaneous determination of total C, total N, and 15N on soil and plant material. Communications in Soil Science and Plant Analysis 20(9-10), 949-959.",,20240104T225302Z,RELEASE-2024
001f4b2c-72be-4b8f-85e9-e91052e81207,d13C,permill,soil,UWSIF-45-Soil2,-26.9,-26.73,0.19,0.17,0.16,387,2017-01-01,2017-09-24,University of Wyoming Stable Isotope Facility,Costech 4010 Elemental Analyzer coupled to a Thermo Delta Plus XP IRMS,010 (combustion/reduction organics),"Schepers et al. (1989) Simultaneous determination of total C, total N, and 15N on soil and plant material. Communications in Soil Science and Plant Analysis 20(9-10), 949-959.",,20240104T225302Z,RELEASE-2024
5de89925-49a5-4798-8ba2-5444764b2d59,nitrogenPercent,percent,vegetation,UWSIF-05-Alfalfa,3.25,3.3,0.05,0.05,0.06,100,2022-01-01,2022-02-11,University of Wyoming Stable Isotope Facility,Costech 4010 Elemental Analyzer coupled to a Thermo Delta Plus XP IRMS,010 (combustion/reduction organics),"Schepers et al. (1989) Simultaneous determination of total C, total N, and 15N on soil and plant material. Communications in Soil Science and Plant Analysis 20(9-10), 949-959.",,20240104T225302Z,RELEASE-2024
6a633e75-da38-4613-935c-eac37c999a74,carbonPercent,percent,soil,UWSIF-45-Soil2,1.55,1.5,0.07,-0.05,0.07,288,2016-01-01,2016-12-31,University of Wyoming Stable Isotope Facility,Costech 4010 Elemental Analyzer coupled to a Thermo Delta Plus XP IRMS,010 (combustion/reduction organics),"Schepers et al. (1989) Simultaneous determination of total C, total N, and 15N on soil and plant material. Communications in Soil Science and Plant Analysis 20(9-10), 949-959.",,20240104T225302Z,RELEASE-2024
d854aed9-ad82-47de-a331-0d2a4949645d,d13C,permill,soil,UWSIF-46-Soil3,-23.53,-23.53,0.1,-0.003,0.13,556,2021-01-01,2021-12-31,University of Wyoming Stable Isotope Facility,Costech 4010 Elemental Analyzer coupled to a Thermo Delta Plus XP IRMS,010 (combustion/reduction organics),"Schepers et al. (1989) Simultaneous determination of total C, total N, and 15N on soil and plant material. Communications in Soil Science and Plant Analysis 20(9-10), 949-959.",,20240104T225302Z,RELEASE-2024
d8fd6cae-8907-42f2-bf6b-4a24ac82d3d4,d15N,permill,soil,UWSIF-46-Soil3,6.12,6.13,0.17,-0.03,0.18,38,2020-01-01,2020-09-14,University of Wyoming Stable Isotope Facility,Costech 4010 Elemental Analyzer coupled to a Thermo Delta Plus XP IRMS,010 (combustion/reduction organics),"Schepers et al. (1989) Simultaneous determination of total C, total N, and 15N on soil and plant material. Communications in Soil Science and Plant Analysis 20(9-10), 949-959.",,20240104T225302Z,RELEASE-2024
c49aa2c2-c975-4e3b-8dd9-724499883802,d13C,permill,vegetation,UWSIF-05-Alfalfa,-27.48,-27.58,0.11,-0.1,0.08,1189,2018-01-01,2018-12-31,University of Wyoming Stable Isotope Facility,Costech 4010 Elemental Analyzer coupled to a Thermo Delta Plus XP IRMS,010 (combustion/reduction organics),"Schepers et al. (1989) Simultaneous determination of total C, total N, and 15N on soil and plant material. Communications in Soil Science and Plant Analysis 20(9-10), 949-959.",,20240104T225302Z,RELEASE-2024
063554da-aeab-470c-9680-003647ed82ed,d13C,permill,vegetation,UWSIF-05-Alfalfa,-27.48,-27.57,0.11,-0.09,0.08,786,2019-01-01,2019-12-31,University of Wyoming Stable Isotope Facility,Costech 4010 Elemental Analyzer coupled to a Thermo Delta Plus XP IRMS,010 (combustion/reduction organics),"Schepers et al. (1989) Simultaneous determination of total C, total N, and 15N on soil and plant material. Communications in Soil Science and Plant Analysis 20(9-10), 949-959.",,20240104T225302Z,RELEASE-2024
09c6eb2c-bb7d-49b1-b04c-ef5d44301312,d15N,permill,vegetation,UWSIF-05-Alfalfa,0.19,0.17,0.06,-0.02,0.08,531,2016-01-01,2016-12-31,University of Wyoming Stable Isotope Facility,Costech 4010 Elemental Analyzer coupled to a Thermo Delta Plus XP IRMS,010 (combustion/reduction organics),"Schepers et al. (1989) Simultaneous determination of total C, total N, and 15N on soil and plant material. Communications in Soil Science and Plant Analysis 20(9-10), 949-959.",,20240104T225302Z,RELEASE-2024
19dbd9d4-1394-4c42-9e9e-e543c194607c,nitrogenPercent,percent,vegetation,UWSIF-05-Alfalfa,3.25,3.26,0.04,0.01,0.05,536,2015-01-01,2015-12-31,University of Wyoming Stable Isotope Facility,Costech 4010 Elemental Analyzer coupled to a Thermo Delta Plus XP IRMS,010 (combustion/reduction organics),"Schepers et al. (1989) Simultaneous determination of total C, total N, and 15N on soil and plant material. Communications in Soil Science and Plant Analysis 20(9-10), 949-959.",,20240104T225302Z,RELEASE-2024
8ae79dc7-dd73-44ad-bf66-c34dd2b0024c,d13C,permill,vegetation,UWSIF-05-Alfalfa,-27.48,-27.5,0.13,-0.07,0.1,536,2015-01-01,2015-12-31,University of Wyoming Stable Isotope Facility,Costech 4010 Elemental Analyzer coupled to a Thermo Delta Plus XP IRMS,010 (combustion/reduction organics),"Schepers et al. (1989) Simultaneous determination of total C, total N, and 15N on soil and plant material. Communications in Soil Science and Plant Analysis 20(9-10), 949-959.",,20240104T225302Z,RELEASE-2024
4c505d1f-ea56-480a-aab4-8e1a91887f27,carbonPercent,percent,vegetation,UWSIF-05-Alfalfa,42.61,42.93,0.51,0.32,0.57,525,2017-01-01,2017-12-31,University of Wyoming Stable Isotope Facility,Costech 4010 Elemental Analyzer coupled to a Thermo Delta Plus XP IRMS,010 (combustion/reduction organics),"Schepers et al. (1989) Simultaneous determination of total C, total N, and 15N on soil and plant material. Communications in Soil Science and Plant Analysis 20(9-10), 949-959.",,20240104T225302Z,RELEASE-2024
5783007c-7c9b-4e79-82de-46b1405a3b0d,d13C,permill,soil,UWSIF-46-Soil3,-23.53,-23.57,0.12,-0.03,0.16,211,2019-01-01,2019-12-31,University of Wyoming Stable Isotope Facility,Costech 4010 Elemental Analyzer coupled to a Thermo Delta Plus XP IRMS,010 (combustion/reduction organics),"Schepers et al. (1989) Simultaneous determination of total C, total N, and 15N on soil and plant material. Communications in Soil Science and Plant Analysis 20(9-10), 949-959.",,20240104T225302Z,RELEASE-2024
55342132-1f6a-485d-9792-6fb749130152,d15N,permill,vegetation,UWSIF-05-Alfalfa,0.19,0.17,0.07,-0.02,0.02,525,2017-01-01,2017-12-31,University of Wyoming Stable Isotope Facility,Costech 4010 Elemental Analyzer coupled to a Thermo Delta Plus XP IRMS,010 (combustion/reduction organics),"Schepers et al. (1989) Simultaneous determination of total C, total N, and 15N on soil and plant material. Communications in Soil Science and Plant Analysis 20(9-10), 949-959.",,20240104T225302Z,RELEASE-2024
52806d00-a368-41fd-ad32-1273eb2974b1,d15N,permill,vegetation,UWSIF-05-Alfalfa,0.19,0.16,0.05,-0.03,0.06,96,2022-01-01,2022-02-11,University of Wyoming Stable Isotope Facility,Costech 4010 Elemental Analyzer coupled to a Thermo Delta Plus XP IRMS,010 (combustion/reduction organics),"Schepers et al. (1989) Simultaneous determination of total C, total N, and 15N on soil and plant material. Communications in Soil Science and Plant Analysis 20(9-10), 949-959.",,20240104T225302Z,RELEASE-2024
53c12628-90dc-4705-a226-94fc4d5ad95f,d13C,permill,vegetation,UWSIF-05-Alfalfa,-27.48,-27.6,0.15,-0.13,0.12,386,2020-01-01,2020-09-14,University of Wyoming Stable Isotope Facility,Costech 4010 Elemental Analyzer coupled to a Thermo Delta Plus XP IRMS,010 (combustion/reduction organics),"Schepers et al. (1989) Simultaneous determination of total C, total N, and 15N on soil and plant material. Communications in Soil Science and Plant Analysis 20(9-10), 949-959.",,20240104T225302Z,RELEASE-2024
92ce954d-fe9d-4b21-a290-cb9b9fe150eb,nitrogenPercent,percent,soil,UWSIF-46-Soil3,0.13,0.13,0.004,0,0.01,526,2018-01-01,2018-12-31,University of Wyoming Stable Isotope Facility,Costech 4010 Elemental Analyzer coupled to a Thermo Delta Plus XP IRMS,010 (combustion/reduction organics),"Schepers et al. (1989) Simultaneous determination of total C, total N, and 15N on soil and plant material. Communications in Soil Science and Plant Analysis 20(9-10), 949-959.",,20240104T225302Z,RELEASE-2024
939edfe4-d58a-4fff-8ee2-d86ac07eee41,nitrogenPercent,percent,soil,UWSIF-45-Soil2,0.13,0.13,0.01,0.005,0.005,214,2015-01-01,2015-12-31,University of Wyoming Stable Isotope Facility,Costech 4010 Elemental Analyzer coupled to a Thermo Delta Plus XP IRMS,010 (combustion/reduction organics),"Schepers et al. (1989) Simultaneous determination of total C, total N, and 15N on soil and plant material. Communications in Soil Science and Plant Analysis 20(9-10), 949-959.",,20240104T225302Z,RELEASE-2024
eafe91ca-c28a-4f35-ad04-084c26bf8ec5,carbonPercent,percent,soil,UWSIF-46-Soil3,1.13,1.13,0.04,-0.001,0.05,526,2018-01-01,2018-12-31,University of Wyoming Stable Isotope Facility,Costech 4010 Elemental Analyzer coupled to a Thermo Delta Plus XP IRMS,010 (combustion/reduction organics),"Schepers et al. (1989) Simultaneous determination of total C, total N, and 15N on soil and plant material. Communications in Soil Science and Plant Analysis 20(9-10), 949-959.",,20240104T225302Z,RELEASE-2024
303fae53-b055-4d5f-96ca-086efdd43ab2,d15N,permill,vegetation,UWSIF-47-Alfalfa,-0.32,-0.27,0.12,0.05,0.14,485,2022-02-12,2022-12-31,University of Wyoming Stable Isotope Facility,Costech 4010 Elemental Analyzer coupled to a Thermo Delta Plus XP IRMS,010 (combustion/reduction organics),"Schepers et al. (1989) Simultaneous determination of total C, total N, and 15N on soil and plant material. Communications in Soil Science and Plant Analysis 20(9-10), 949-959.",,20240104T225302Z,RELEASE-2024
d1043f7c-c31c-4c55-94b8-af726cd56edd,carbonPercent,percent,vegetation,UWSIF-05-Alfalfa,42.61,43.45,0.84,0.84,0.28,90,2022-01-01,2022-02-11,University of Wyoming Stable Isotope Facility,Costech 4010 Elemental Analyzer coupled to a Thermo Delta Plus XP IRMS,010 (combustion/reduction organics),"Schepers et al. (1989) Simultaneous determination of total C, total N, and 15N on soil and plant material. Communications in Soil Science and Plant Analysis 20(9-10), 949-959.",,20240104T225302Z,RELEASE-2024
4a816aaa-81d4-456e-a539-2a2de787eab3,d13C,permill,vegetation,UWSIF-05-Alfalfa,-27.48,-27.52,0.09,-0.04,0.11,525,2017-01-01,2017-12-31,University of Wyoming Stable Isotope Facility,Costech 4010 Elemental Analyzer coupled to a Thermo Delta Plus XP IRMS,010 (combustion/reduction organics),"Schepers et al. (1989) Simultaneous determination of total C, total N, and 15N on soil and plant material. Communications in Soil Science and Plant Analysis 20(9-10), 949-959.",,20240104T225302Z,RELEASE-2024
469350e9-111f-4351-8d6c-ce28de2a29a3,d13C,permill,vegetation,UWSIF-05-Alfalfa,-27.48,-27.46,0.06,0.02,0.07,94,2022-01-01,2022-02-11,University of Wyoming Stable Isotope Facility,Costech 4010 Elemental Analyzer coupled to a Thermo Delta Plus XP IRMS,010 (combustion/reduction organics),"Schepers et al. (1989) Simultaneous determination of total C, total N, and 15N on soil and plant material. Communications in Soil Science and Plant Analysis 20(9-10), 949-959.",,20240104T225302Z,RELEASE-2024
6429f703-3f63-4808-963f-0da43dd69033,d15N,permill,soil,UWSIF-45-Soil2,7.17,7.01,0.17,-0.16,0.13,288,2016-01-01,2016-12-31,University of Wyoming Stable Isotope Facility,Costech 4010 Elemental Analyzer coupled to a Thermo Delta Plus XP IRMS,010 (combustion/reduction organics),"Schepers et al. (1989) Simultaneous determination of total C, total N, and 15N on soil and plant material. Communications in Soil Science and Plant Analysis 20(9-10), 949-959.",,20240104T225302Z,RELEASE-2024
28e81024-4281-4a67-9c8b-ee1616707a6e,d13C,permill,soil,UWSIF-45-Soil2,-26.9,-26.69,0.21,0.21,0.11,288,2016-01-01,2016-12-31,University of Wyoming Stable Isotope Facility,Costech 4010 Elemental Analyzer coupled to a Thermo Delta Plus XP IRMS,010 (combustion/reduction organics),"Schepers et al. (1989) Simultaneous determination of total C, total N, and 15N on soil and plant material. Communications in Soil Science and Plant Analysis 20(9-10), 949-959.",,20240104T225302Z,RELEASE-2024
32d6e165-ca2b-409b-bec8-6b3502bc457e,carbonPercent,percent,vegetation,UWSIF-47-Alfalfa,43.91,43.36,0.6,-0.55,0.48,471,2022-02-12,2022-12-31,University of Wyoming Stable Isotope Facility,Costech 4010 Elemental Analyzer coupled to a Thermo Delta Plus XP IRMS,010 (combustion/reduction organics),"Schepers et al. (1989) Simultaneous determination of total C, total N, and 15N on soil and plant material. Communications in Soil Science and Plant Analysis 20(9-10), 949-959.",,20240104T225302Z,RELEASE-2024
3e4ff57c-1b30-4989-afbb-50b086a467b4,d13C,permill,vegetation,UWSIF-05-Alfalfa,-27.48,-27.5,0.08,-0.02,0.1,531,2016-01-01,2016-12-31,University of Wyoming Stable Isotope Facility,Costech 4010 Elemental Analyzer coupled to a Thermo Delta Plus XP IRMS,010 (combustion/reduction organics),"Schepers et al. (1989) Simultaneous determination of total C, total N, and 15N on soil and plant material. Communications in Soil Science and Plant Analysis 20(9-10), 949-959.",,20240104T225302Z,RELEASE-2024
a5c6a2f5-a698-49ca-bcda-c87bf59c3499,carbonPercent,percent,soil,UWSIF-45-Soil2,1.55,1.51,0.05,-0.04,0.05,214,2015-01-01,2015-12-31,University of Wyoming Stable Isotope Facility,Costech 4010 Elemental Analyzer coupled to a Thermo Delta Plus XP IRMS,010 (combustion/reduction organics),"Schepers et al. (1989) Simultaneous determination of total C, total N, and 15N on soil and plant material. Communications in Soil Science and Plant Analysis 20(9-10), 949-959.",,20240104T225302Z,RELEASE-2024
61b4210c-0d9a-4ff5-a472-ca27ca694246,nitrogenPercent,percent,soil,UWSIF-45-Soil2,0.13,0.13,0.004,0.003,0.004,288,2016-01-01,2016-12-31,University of Wyoming Stable Isotope Facility,Costech 4010 Elemental Analyzer coupled to a Thermo Delta Plus XP IRMS,010 (combustion/reduction organics),"Schepers et al. (1989) Simultaneous determination of total C, total N, and 15N on soil and plant material. Communications in Soil Science and Plant Analysis 20(9-10), 949-959.",,20240104T225302Z,RELEASE-2024
49a767f7-4197-4c71-9486-a6a51e412ba9,carbonPercent,percent,vegetation,UWSIF-05-Alfalfa,42.61,43.09,0.71,0.54,0.67,689,2019-01-01,2019-12-31,University of Wyoming Stable Isotope Facility,Costech 4010 Elemental Analyzer coupled to a Thermo Delta Plus XP IRMS,010 (combustion/reduction organics),"Schepers et al. (1989) Simultaneous determination of total C, total N, and 15N on soil and plant material. Communications in Soil Science and Plant Analysis 20(9-10), 949-959.",,20240104T225302Z,RELEASE-2024
6d411c24-5c51-4b6f-9e5b-02ee44f959b9,nitrogenPercent,percent,soil,UWSIF-46-Soil3,0.13,0.13,0.008,0.006,0.01,56,2020-01-01,2020-09-14,University of Wyoming Stable Isotope Facility,Costech 4010 Elemental Analyzer coupled to a Thermo Delta Plus XP IRMS,010 (combustion/reduction organics),"Schepers et al. (1989) Simultaneous determination of total C, total N, and 15N on soil and plant material. Communications in Soil Science and Plant Analysis 20(9-10), 949-959.",,20240104T225302Z,RELEASE-2024
3e701d10-f93a-410c-92b4-9f829417eeb7,d13C,permill,vegetation,UWSIF-05-Alfalfa,-27.48,-27.51,0.09,-0.03,0.11,392,2021-01-01,2021-12-31,University of Wyoming Stable Isotope Facility,Costech 4010 Elemental Analyzer coupled to a Thermo Delta Plus XP IRMS,010 (combustion/reduction organics),"Schepers et al. (1989) Simultaneous determination of total C, total N, and 15N on soil and plant material. Communications in Soil Science and Plant Analysis 20(9-10), 949-959.",,20240104T225302Z,RELEASE-2024
f8d69c78-83bb-4449-8671-9c514824a460,nitrogenPercent,percent,vegetation,UWSIF-05-Alfalfa,3.25,3.28,0.05,0.03,0.05,531,2016-01-01,2016-12-31,University of Wyoming Stable Isotope Facility,Costech 4010 Elemental Analyzer coupled to a Thermo Delta Plus XP IRMS,010 (combustion/reduction organics),"Schepers et al. (1989) Simultaneous determination of total C, total N, and 15N on soil and plant material. Communications in Soil Science and Plant Analysis 20(9-10), 949-959.",,20240104T225302Z,RELEASE-2024
f1454786-4776-4da3-84b8-fb18c781e3f0,carbonPercent,percent,vegetation,UWSIF-05-Alfalfa,42.61,42.56,0.71,-0.05,0.93,536,2015-01-01,2015-12-31,University of Wyoming Stable Isotope Facility,Costech 4010 Elemental Analyzer coupled to a Thermo Delta Plus XP IRMS,010 (combustion/reduction organics),"Schepers et al. (1989) Simultaneous determination of total C, total N, and 15N on soil and plant material. Communications in Soil Science and Plant Analysis 20(9-10), 949-959.",,20240104T225302Z,RELEASE-2024
8e8fda9b-a30d-482a-8ed7-1ee165bfd571,d15N,permill,vegetation,UWSIF-05-Alfalfa,0.19,0.16,0.09,-0.03,0.13,536,2015-01-01,2015-12-31,University of Wyoming Stable Isotope Facility,Costech 4010 Elemental Analyzer coupled to a Thermo Delta Plus XP IRMS,010 (combustion/reduction organics),"Schepers et al. (1989) Simultaneous determination of total C, total N, and 15N on soil and plant material. Communications in Soil Science and Plant Analysis 20(9-10), 949-959.",,20240104T225302Z,RELEASE-2024
5c4877a7-2928-47a1-b433-340efb644161,nitrogenPercent,percent,vegetation,UWSIF-05-Alfalfa,3.25,3.23,0.06,-0.02,0.07,1189,2018-01-01,2018-12-31,University of Wyoming Stable Isotope Facility,Costech 4010 Elemental Analyzer coupled to a Thermo Delta Plus XP IRMS,010 (combustion/reduction organics),"Schepers et al. (1989) Simultaneous determination of total C, total N, and 15N on soil and plant material. Communications in Soil Science and Plant Analysis 20(9-10), 949-959.",,20240104T225302Z,RELEASE-2024
e947ec05-5e88-4e90-93f7-cb47dd5d5c3a,nitrogenPercent,percent,soil,UWSIF-45-Soil2,0.13,0.13,0.01,0.004,0.004,387,2017-01-01,2017-09-24,University of Wyoming Stable Isotope Facility,Costech 4010 Elemental Analyzer coupled to a Thermo Delta Plus XP IRMS,010 (combustion/reduction organics),"Schepers et al. (1989) Simultaneous determination of total C, total N, and 15N on soil and plant material. Communications in Soil Science and Plant Analysis 20(9-10), 949-959.",,20240104T225302Z,RELEASE-2024
e5f2189c-cc3e-4c23-968e-49b6e078cdfd,d15N,permill,soil,UWSIF-45-Soil2,7.17,6.95,0.26,-0.25,0.15,387,2017-01-01,2017-09-24,University of Wyoming Stable Isotope Facility,Costech 4010 Elemental Analyzer coupled to a Thermo Delta Plus XP IRMS,010 (combustion/reduction organics),"Schepers et al. (1989) Simultaneous determination of total C, total N, and 15N on soil and plant material. Communications in Soil Science and Plant Analysis 20(9-10), 949-959.",,20240104T225302Z,RELEASE-2024
15d4513c-1032-4503-9a67-f7ebeb88e7c1,d15N,permill,vegetation,UWSIF-05-Alfalfa,0.19,0.15,0.09,-0.04,0.13,816,2019-01-01,2019-12-31,University of Wyoming Stable Isotope Facility,Costech 4010 Elemental Analyzer coupled to a Thermo Delta Plus XP IRMS,010 (combustion/reduction organics),"Schepers et al. (1989) Simultaneous determination of total C, total N, and 15N on soil and plant material. Communications in Soil Science and Plant Analysis 20(9-10), 949-959.",,20240104T225302Z,RELEASE-2024
4a03323f-2d4f-4b3f-b6c6-2bef48b64301,nitrogenPercent,percent,soil,UWSIF-46-Soil3,0.13,0.13,0.003,-0.001,0.004,164,2017-09-25,2017-12-31,University of Wyoming Stable Isotope Facility,Costech 4010 Elemental Analyzer coupled to a Thermo Delta Plus XP IRMS,010 (combustion/reduction organics),"Schepers et al. (1989) Simultaneous determination of total C, total N, and 15N on soil and plant material. Communications in Soil Science and Plant Analysis 20(9-10), 949-959.",,20240104T225302Z,RELEASE-2024
a1edabb4-bf3b-4e81-87b7-ac275b2b1e5d,carbonPercent,percent,vegetation,UWSIF-05-Alfalfa,42.61,43.43,0.92,0.81,0.82,372,2021-01-01,2021-12-31,University of Wyoming Stable Isotope Facility,Costech 4010 Elemental Analyzer coupled to a Thermo Delta Plus XP IRMS,010 (combustion/reduction organics),"Schepers et al. (1989) Simultaneous determination of total C, total N, and 15N on soil and plant material. Communications in Soil Science and Plant Analysis 20(9-10), 949-959.",,20240104T225302Z,RELEASE-2024
bca94787-574e-4fb7-89ac-15e599d9c335,nitrogenPercent,percent,vegetation,UWSIF-05-Alfalfa,3.25,3.29,0.06,0.04,0.07,381,2021-01-01,2021-12-31,University of Wyoming Stable Isotope Facility,Costech 4010 Elemental Analyzer coupled to a Thermo Delta Plus XP IRMS,010 (combustion/reduction organics),"Schepers et al. (1989) Simultaneous determination of total C, total N, and 15N on soil and plant material. Communications in Soil Science and Plant Analysis 20(9-10), 949-959.",,20240104T225302Z,RELEASE-2024
6377f104-1e9c-49e6-9452-d69fef8b6332,nitrogenPercent,percent,soil,UWSIF-46-Soil3,0.13,0.13,0.005,0.005,0.005,210,2022-01-01,2022-12-31,University of Wyoming Stable Isotope Facility,Costech 4010 Elemental Analyzer coupled to a Thermo Delta Plus XP IRMS,010 (combustion/reduction organics),"Schepers et al. (1989) Simultaneous determination of total C, total N, and 15N on soil and plant material. Communications in Soil Science and Plant Analysis 20(9-10), 949-959.",,20240104T225302Z,RELEASE-2024
