uid,namedLocation,domainID,siteID,plotID,subplotID,trapID,decimalLatitude,decimalLongitude,elevation,nlcdClass,plotType,geodeticDatum,coordinateUncertainty,elevationUncertainty,date,samplingProtocolVersion,targetTaxaPresent,trapType,trapPlacement,trapSize,remarks,recordedBy,publicationDate,release
987326ee-b82d-4d38-b473-efb16cf3a9ba,CLBJ_015.basePlot.ltr,D11,CLBJ,CLBJ_015,31_400,CLBJ_015_137,33.397741,-97.571244,273.7,deciduousForest,tower,WGS84,10.1,0.1,2014-11-02,NEON.DOC.001710vE,Y,Elevated,Random,0.5,"",jjamison@field-ops.org,20240104T224934Z,RELEASE-2024
ff635f9e-0129-45a6-be8c-3346d3323040,CLBJ_019.basePlot.ltr,D11,CLBJ,CLBJ_019,31_400,"",33.395844,-97.569673,281.9,grasslandHerbaceous,tower,WGS84,10.1,0.1,2016-08-31,NEON.DOC.001710vE,N,"","",,"",jjamison@field-ops.org,20240104T224934Z,RELEASE-2024
9a586ecc-22f9-4989-9daf-03f855645e41,CLBJ_013.basePlot.ltr,D11,CLBJ,CLBJ_013,31_400,"",33.397431,-97.567392,277.6,grasslandHerbaceous,tower,WGS84,10.1,0.1,2016-09-08,NEON.DOC.001710vE,N,"","",,"",jjamison@field-ops.org,20240104T224934Z,RELEASE-2024
68571ea8-8736-413f-b876-b37f40e56689,CLBJ_020.basePlot.ltr,D11,CLBJ,CLBJ_020,31_400,"",33.396611,-97.567385,277.4,grasslandHerbaceous,tower,WGS84,10.1,0.1,2016-09-08,NEON.DOC.001710vE,N,"","",,"",jjamison@field-ops.org,20240104T224934Z,RELEASE-2024
91659553-e454-4661-90ec-cedc73727acd,CLBJ_001.basePlot.ltr,D11,CLBJ,CLBJ_001,31_400,"",33.397987,-97.568339,278.1,deciduousForest,tower,WGS84,20.1,0.1,2016-09-08,NEON.DOC.001710vE,N,"","",,"",jjamison@field-ops.org,20240104T224934Z,RELEASE-2024
341c1d46-65a9-4324-8107-f21d9e99aa44,CLBJ_018.basePlot.ltr,D11,CLBJ,CLBJ_018,31_400,CLBJ_018_073,33.405618,-97.573378,266.8,deciduousForest,tower,WGS84,10.1,0.1,2016-11-02,NEON.DOC.001710vE,Y,Elevated,Random,0.5,"",jjamison@field-ops.org,20240104T224934Z,RELEASE-2024
252b1aa2-95e0-45dc-8096-6f0181eae24b,CLBJ_016.basePlot.ltr,D11,CLBJ,CLBJ_016,31_400,CLBJ_016_007,33.404775,-97.570476,262,deciduousForest,tower,WGS84,10.1,0.1,2016-11-02,NEON.DOC.001710vE,Y,Elevated,Random,0.5,"",ttillson@field-ops.org,20240104T224934Z,RELEASE-2024
758f5c63-ef79-4fcb-b52f-3c53c2eea589,CLBJ_028.basePlot.ltr,D11,CLBJ,CLBJ_028,31_400,CLBJ_028_018,33.401799,-97.570531,265.1,deciduousForest,tower,WGS84,10.1,0.1,2016-11-02,NEON.DOC.001710vE,Y,Elevated,Random,0.5,"",ttillson@field-ops.org,20240104T224934Z,RELEASE-2024
244dd91e-1911-455f-b26f-1ac135656121,CLBJ_023.basePlot.ltr,D11,CLBJ,CLBJ_023,31_400,CLBJ_023_015,33.397449,-97.568344,279.1,grasslandHerbaceous,tower,WGS84,10.1,0.1,2016-11-02,NEON.DOC.001710vE,Y,Elevated,Random,0.5,"",jjamison@field-ops.org,20240104T224934Z,RELEASE-2024
49f0ab02-25fd-448f-8b54-a9a8c4498940,CLBJ_026.basePlot.ltr,D11,CLBJ,CLBJ_026,31_400,CLBJ_026_152,33.403422,-97.569543,265.6,deciduousForest,tower,WGS84,10.1,0.1,2016-11-02,NEON.DOC.001710vE,Y,Elevated,Random,0.5,"",ttillson@field-ops.org,20240104T224934Z,RELEASE-2024
b5efe1ad-82bc-4154-bcd3-f45ee9e5ce64,CLBJ_010.basePlot.ltr,D11,CLBJ,CLBJ_010,31_400,CLBJ_010_007,33.397139,-97.566099,275.4,deciduousForest,tower,WGS84,10.1,0.1,2016-11-02,NEON.DOC.001710vE,Y,Elevated,Random,0.5,"",jjamison@field-ops.org,20240104T224934Z,RELEASE-2024
3d6b6a2d-f58a-4978-b23b-d1c0456fa599,CLBJ_003.basePlot.ltr,D11,CLBJ,CLBJ_003,31_400,CLBJ_003_027,33.403989,-97.572744,273.4,deciduousForest,tower,WGS84,20.1,0.1,2016-11-02,NEON.DOC.001710vE,Y,Elevated,Random,0.5,"",jjamison@field-ops.org,20240104T224934Z,RELEASE-2024
6b63bb7c-6659-40ec-bb21-ebbcbe3c521e,CLBJ_002.basePlot.ltr,D11,CLBJ,CLBJ_002,31_400,CLBJ_002_024,33.40398,-97.571138,263.1,deciduousForest,tower,WGS84,20.1,0.1,2016-11-02,NEON.DOC.001710vE,Y,Elevated,Random,0.5,"",ttillson@field-ops.org,20240104T224934Z,RELEASE-2024
4bdcb456-07c3-4632-8d72-da596f6f1360,CLBJ_005.basePlot.ltr,D11,CLBJ,CLBJ_005,31_400,CLBJ_005_029,33.403958,-97.570164,257.1,deciduousForest,tower,WGS84,10.1,0.1,2016-11-02,NEON.DOC.001710vE,Y,Elevated,Random,0.5,"",ttillson@field-ops.org,20240104T224934Z,RELEASE-2024
445cc013-3b8b-4fa2-a11f-2a2c798ddf9f,CLBJ_022.basePlot.ltr,D11,CLBJ,CLBJ_022,31_400,CLBJ_022_038,33.406164,-97.572393,261.3,deciduousForest,tower,WGS84,10.1,0.1,2016-11-02,NEON.DOC.001710vE,Y,Elevated,Random,0.5,"",jjamison@field-ops.org,20240104T224934Z,RELEASE-2024
845d9350-03e5-4a06-9219-d4628a8c6de8,CLBJ_011.basePlot.ltr,D11,CLBJ,CLBJ_011,31_400,CLBJ_011_144,33.396945,-97.571891,276.5,deciduousForest,tower,WGS84,10.1,0.1,2016-11-02,NEON.DOC.001710vE,Y,Elevated,Random,0.5,"",jjamison@field-ops.org,20240104T224934Z,RELEASE-2024
da3e00bd-3d0a-48d5-a0a9-8b442c0e68e2,CLBJ_012.basePlot.ltr,D11,CLBJ,CLBJ_012,31_400,CLBJ_012_170,33.402587,-97.569224,270.7,deciduousForest,tower,WGS84,10.1,0.1,2016-11-02,NEON.DOC.001710vE,Y,Elevated,Random,0.5,"",ttillson@field-ops.org,20240104T224934Z,RELEASE-2024
18fd815f-88d8-4064-8387-4467c6cce47a,CLBJ_021.basePlot.ltr,D11,CLBJ,CLBJ_021,31_400,CLBJ_021_073,33.398814,-97.569922,280.1,deciduousForest,tower,WGS84,10.1,0.1,2016-11-02,NEON.DOC.001710vE,Y,Elevated,Random,0.5,"",jjamison@field-ops.org,20240104T224934Z,RELEASE-2024
a5586d98-15a1-48db-a0df-027fd202b9dc,CLBJ_014.basePlot.ltr,D11,CLBJ,CLBJ_014,31_400,CLBJ_014_157,33.40586,-97.571438,261.2,deciduousForest,tower,WGS84,10.1,0.1,2016-11-02,NEON.DOC.001710vE,Y,Elevated,Random,0.5,"",jjamison@field-ops.org,20240104T224934Z,RELEASE-2024
5f98db6e-8a82-4961-8e6f-4d6a7c6daf71,CLBJ_009.basePlot.ltr,D11,CLBJ,CLBJ_009,31_400,CLBJ_009_048,33.405348,-97.572739,267.7,deciduousForest,tower,WGS84,10.1,0.1,2016-11-02,NEON.DOC.001710vE,Y,Elevated,Random,0.5,"",jjamison@field-ops.org,20240104T224934Z,RELEASE-2024
750855d5-9002-436a-8158-ebc80b94148b,CLBJ_024.basePlot.ltr,D11,CLBJ,CLBJ_024,31_400,CLBJ_024_062,33.396374,-97.569014,280.2,deciduousForest,tower,WGS84,10.1,0.1,2016-11-02,NEON.DOC.001710vE,Y,Elevated,Random,0.5,"",ttillson@field-ops.org,20240104T224934Z,RELEASE-2024
ce1382b9-eb20-4249-9cbb-b9b6b4cb6f3e,CLBJ_017.basePlot.ltr,D11,CLBJ,CLBJ_017,31_400,CLBJ_017_195,33.404538,-97.573712,275.9,deciduousForest,tower,WGS84,10.1,0.1,2016-11-02,NEON.DOC.001710vE,Y,Elevated,Random,0.5,"",jjamison@field-ops.org,20240104T224934Z,RELEASE-2024
9f10caca-2516-4beb-8a56-901edbb82f8b,CLBJ_007.basePlot.ltr,D11,CLBJ,CLBJ_007,31_400,CLBJ_007_077,33.398827,-97.571225,273.2,deciduousForest,tower,WGS84,10.1,0.1,2016-11-02,NEON.DOC.001710vE,Y,Elevated,Random,0.5,"",jjamison@field-ops.org,20240104T224934Z,RELEASE-2024
eb41cec5-5ed7-49f7-9237-b9bdeae0036c,CLBJ_004.basePlot.ltr,D11,CLBJ,CLBJ_004,31_400,CLBJ_004_062,33.396903,-97.568989,281.6,deciduousForest,tower,WGS84,10.1,0.1,2016-11-02,NEON.DOC.001710vE,Y,Elevated,Random,0.5,"",jjamison@field-ops.org,20240104T224934Z,RELEASE-2024
7d790a2e-a7b1-4532-9b9a-8c7a49700eda,CLBJ_029.basePlot.ltr,D11,CLBJ,CLBJ_029,31_400,CLBJ_029_190,33.399057,-97.568637,278.6,deciduousForest,tower,WGS84,10.1,0.1,2016-11-03,NEON.DOC.001710vE,Y,Elevated,Random,0.5,"",jjamison@field-ops.org,20240104T224934Z,RELEASE-2024
48e2222b-a0f1-41aa-9a1b-670c60ceec47,CLBJ_027.basePlot.ltr,D11,CLBJ,CLBJ_027,31_400,CLBJ_027_063,33.400156,-97.56927,273.2,deciduousForest,tower,WGS84,10.1,0.1,2016-11-03,NEON.DOC.001710vE,Y,Elevated,Random,0.5,"",jjamison@field-ops.org,20240104T224934Z,RELEASE-2024
7602e44e-d249-4d36-84cc-faf30dd094ac,CLBJ_025.basePlot.ltr,D11,CLBJ,CLBJ_025,31_400,CLBJ_025_174,33.397471,-97.569639,281.5,grasslandHerbaceous,tower,WGS84,10.1,0.1,2016-11-03,NEON.DOC.001710vE,Y,Elevated,Random,0.5,"",jbarnett@field-ops.org,20240104T224934Z,RELEASE-2024
5f4c4a71-0978-4c5b-8a65-d26db4ecc9a0,CLBJ_008.basePlot.ltr,D11,CLBJ,CLBJ_008,31_400,CLBJ_008_144,33.399913,-97.569922,271.9,deciduousForest,tower,WGS84,10.1,0.1,2016-11-03,NEON.DOC.001710vE,Y,Elevated,Random,0.5,"",jjamison@field-ops.org,20240104T224934Z,RELEASE-2024
4563489e-66cf-4b4e-9717-cf97d28f5a78,CLBJ_030.basePlot.ltr,D11,CLBJ,CLBJ_030,31_400,CLBJ_030_063,33.398512,-97.567356,276,grasslandHerbaceous,tower,WGS84,10.1,0.1,2016-11-03,NEON.DOC.001710vE,Y,Elevated,Random,0.5,"",jbarnett@field-ops.org,20240104T224934Z,RELEASE-2024
1ba3676d-fd7f-4e26-9206-4a9a8a8fc61d,CLBJ_029.basePlot.ltr,D11,CLBJ,CLBJ_029,31_400,CLBJ_029_048,33.399057,-97.568637,278.6,deciduousForest,tower,WGS84,10.1,0.1,2017-01-17,NEON.DOC.001710vE,Y,Ground,Random,1.5,"",jjamison@field-ops.org,20240104T224934Z,RELEASE-2024
d4f0c8ec-3156-4e1a-adc1-889931dafc46,CLBJ_030.basePlot.ltr,D11,CLBJ,CLBJ_030,31_400,CLBJ_030_178,33.398512,-97.567356,276,grasslandHerbaceous,tower,WGS84,10.1,0.1,2017-01-17,NEON.DOC.001710vE,Y,Ground,Random,1.5,"",jjamison@field-ops.org,20240104T224934Z,RELEASE-2024
47e9352c-cb9e-481f-a169-33ece3e439e7,CLBJ_015.basePlot.ltr,D11,CLBJ,CLBJ_015,31_400,CLBJ_015_198,33.397741,-97.571244,273.7,deciduousForest,tower,WGS84,10.1,0.1,2017-01-17,NEON.DOC.001710vE,Y,Ground,Random,1.5,"",jjamison@field-ops.org,20240104T224934Z,RELEASE-2024
b0b06f21-cdf4-49c7-a4a4-0c088a1117ba,CLBJ_011.basePlot.ltr,D11,CLBJ,CLBJ_011,31_400,CLBJ_011_159,33.396945,-97.571891,276.5,deciduousForest,tower,WGS84,10.1,0.1,2017-01-17,NEON.DOC.001710vE,Y,Ground,Random,1.5,"",jjamison@field-ops.org,20240104T224934Z,RELEASE-2024
1f99a847-0de5-4f5a-9e22-1901c0257120,CLBJ_010.basePlot.ltr,D11,CLBJ,CLBJ_010,31_400,CLBJ_010_077,33.397139,-97.566099,275.4,deciduousForest,tower,WGS84,10.1,0.1,2017-01-17,NEON.DOC.001710vE,Y,Ground,Random,1.5,"",jjamison@field-ops.org,20240104T224934Z,RELEASE-2024
4edcb2e1-dae9-49c3-bbf5-81ccdeb5583c,CLBJ_024.basePlot.ltr,D11,CLBJ,CLBJ_024,31_400,CLBJ_024_162,33.396374,-97.569014,280.2,deciduousForest,tower,WGS84,10.1,0.1,2017-01-17,NEON.DOC.001710vE,Y,Ground,Random,1.5,"",jjamison@field-ops.org,20240104T224934Z,RELEASE-2024
811a6250-9501-44f3-8f69-a0e35a88c5cc,CLBJ_007.basePlot.ltr,D11,CLBJ,CLBJ_007,31_400,CLBJ_007_007,33.398827,-97.571225,273.2,deciduousForest,tower,WGS84,10.1,0.1,2017-01-17,NEON.DOC.001710vE,Y,Ground,Random,1.5,"",jjamison@field-ops.org,20240104T224934Z,RELEASE-2024
ea75de26-e435-46ac-a7a0-f804e8c17eec,CLBJ_023.basePlot.ltr,D11,CLBJ,CLBJ_023,31_400,CLBJ_023_146,33.397449,-97.568344,279.1,grasslandHerbaceous,tower,WGS84,10.1,0.1,2017-01-17,NEON.DOC.001710vE,Y,Ground,Random,1.5,"",jjamison@field-ops.org,20240104T224934Z,RELEASE-2024
762970c4-0f69-4105-afba-b62f5e4c6b32,CLBJ_025.basePlot.ltr,D11,CLBJ,CLBJ_025,31_400,CLBJ_025_075,33.397471,-97.569639,281.5,grasslandHerbaceous,tower,WGS84,10.1,0.1,2017-01-17,NEON.DOC.001710vE,Y,Ground,Random,1.5,"",jjamison@field-ops.org,20240104T224934Z,RELEASE-2024
97e87280-48ff-4d99-afdc-12c54f3f537e,CLBJ_004.basePlot.ltr,D11,CLBJ,CLBJ_004,31_400,CLBJ_004_020,33.396903,-97.568989,281.6,deciduousForest,tower,WGS84,10.1,0.1,2017-01-17,NEON.DOC.001710vE,Y,Ground,Random,1.5,"",jjamison@field-ops.org,20240104T224934Z,RELEASE-2024
e093044c-7dd0-43bf-86d9-457a0fe8c4b7,CLBJ_021.basePlot.ltr,D11,CLBJ,CLBJ_021,31_400,CLBJ_021_078,33.398814,-97.569922,280.1,deciduousForest,tower,WGS84,10.1,0.1,2017-01-17,NEON.DOC.001710vE,Y,Ground,Random,1.5,"",jjamison@field-ops.org,20240104T224934Z,RELEASE-2024
bc842d68-1800-4b27-8d6a-cdf319d80d78,CLBJ_002.basePlot.ltr,D11,CLBJ,CLBJ_002,31_400,CLBJ_002_011,33.40398,-97.571138,263.1,deciduousForest,tower,WGS84,20.1,0.1,2017-01-19,NEON.DOC.001710vE,Y,Ground,Random,1.5,"",jjamison@field-ops.org,20240104T224934Z,RELEASE-2024
261b8646-9988-4ee4-96d3-625d231de477,CLBJ_022.basePlot.ltr,D11,CLBJ,CLBJ_022,31_400,CLBJ_022_046,33.406164,-97.572393,261.3,deciduousForest,tower,WGS84,10.1,0.1,2017-01-19,NEON.DOC.001710vE,Y,Ground,Random,1.5,"",jjamison@field-ops.org,20240104T224934Z,RELEASE-2024
3c7801bd-cb23-42fc-8925-85a3a4cdb102,CLBJ_008.basePlot.ltr,D11,CLBJ,CLBJ_008,31_400,CLBJ_008_050,33.399913,-97.569922,271.9,deciduousForest,tower,WGS84,10.1,0.1,2017-01-19,NEON.DOC.001710vE,Y,Ground,Random,1.5,"",jjamison@field-ops.org,20240104T224934Z,RELEASE-2024
c4fd40ff-4728-4cbf-89b9-dab94533da21,CLBJ_026.basePlot.ltr,D11,CLBJ,CLBJ_026,31_400,CLBJ_026_029,33.403422,-97.569543,265.6,deciduousForest,tower,WGS84,10.1,0.1,2017-01-19,NEON.DOC.001710vE,Y,Ground,Random,1.5,"",jjamison@field-ops.org,20240104T224934Z,RELEASE-2024
c2f37cca-6341-4df2-ae1d-a11c6826bb11,CLBJ_012.basePlot.ltr,D11,CLBJ,CLBJ_012,31_400,CLBJ_012_048,33.402587,-97.569224,270.7,deciduousForest,tower,WGS84,10.1,0.1,2017-01-19,NEON.DOC.001710vE,Y,Ground,Random,1.5,"",jjamison@field-ops.org,20240104T224934Z,RELEASE-2024
ecd28f0e-e333-41a5-ab1f-c4bf752a0a95,CLBJ_014.basePlot.ltr,D11,CLBJ,CLBJ_014,31_400,CLBJ_014_189,33.40586,-97.571438,261.2,deciduousForest,tower,WGS84,10.1,0.1,2017-01-19,NEON.DOC.001710vE,Y,Ground,Random,1.5,"",jjamison@field-ops.org,20240104T224934Z,RELEASE-2024
8a5c4a75-6ccd-4669-854b-41e76f2e0670,CLBJ_009.basePlot.ltr,D11,CLBJ,CLBJ_009,31_400,CLBJ_009_197,33.405348,-97.572739,267.7,deciduousForest,tower,WGS84,10.1,0.1,2017-01-19,NEON.DOC.001710vE,Y,Ground,Random,1.5,"",jjamison@field-ops.org,20240104T224934Z,RELEASE-2024
1703a524-88a2-487d-a68e-4a00a7075f23,CLBJ_018.basePlot.ltr,D11,CLBJ,CLBJ_018,31_400,CLBJ_018_078,33.405618,-97.573378,266.8,deciduousForest,tower,WGS84,10.1,0.1,2017-01-19,NEON.DOC.001710vE,Y,Ground,Random,1.5,"",jjamison@field-ops.org,20240104T224934Z,RELEASE-2024
914f0f8c-8d0d-40a8-8c5c-ca5a60bb7999,CLBJ_027.basePlot.ltr,D11,CLBJ,CLBJ_027,31_400,CLBJ_027_178,33.400156,-97.56927,273.2,deciduousForest,tower,WGS84,10.1,0.1,2017-01-19,NEON.DOC.001710vE,Y,Ground,Random,1.5,"",jjamison@field-ops.org,20240104T224934Z,RELEASE-2024
2fabcbc7-ea4e-4fc6-b0ca-4118ed883e7b,CLBJ_003.basePlot.ltr,D11,CLBJ,CLBJ_003,31_400,CLBJ_003_189,33.403989,-97.572744,273.4,deciduousForest,tower,WGS84,20.1,0.1,2017-01-19,NEON.DOC.001710vE,Y,Ground,Random,1.5,"",jjamison@field-ops.org,20240104T224934Z,RELEASE-2024
49bc9574-ed72-42f7-b575-670d1d473a64,CLBJ_017.basePlot.ltr,D11,CLBJ,CLBJ_017,31_400,CLBJ_017_207,33.404538,-97.573712,275.9,deciduousForest,tower,WGS84,10.1,0.1,2017-01-19,NEON.DOC.001710vE,Y,Ground,Random,1.5,"",jjamison@field-ops.org,20240104T224934Z,RELEASE-2024
31f43437-8063-41a8-9ea0-a9fd83aa76ab,CLBJ_016.basePlot.ltr,D11,CLBJ,CLBJ_016,31_400,CLBJ_016_159,33.404775,-97.570476,262,deciduousForest,tower,WGS84,10.1,0.1,2017-01-19,NEON.DOC.001710vE,Y,Ground,Random,1.5,"",jjamison@field-ops.org,20240104T224934Z,RELEASE-2024
b88b8299-4a76-425f-85b4-ddc57a489cae,CLBJ_028.basePlot.ltr,D11,CLBJ,CLBJ_028,31_400,CLBJ_028_073,33.401799,-97.570531,265.1,deciduousForest,tower,WGS84,10.1,0.1,2017-01-19,NEON.DOC.001710vE,Y,Ground,Random,1.5,"",jjamison@field-ops.org,20240104T224934Z,RELEASE-2024
648a8977-abe3-491b-837d-0dba36927cdc,CLBJ_005.basePlot.ltr,D11,CLBJ,CLBJ_005,31_400,CLBJ_005_103,33.403958,-97.570164,257.1,deciduousForest,tower,WGS84,10.1,0.1,2017-01-19,NEON.DOC.001710vE,Y,Ground,Random,1.5,"",jjamison@field-ops.org,20240104T224934Z,RELEASE-2024
e5aa4e4b-4b43-48f2-872f-d5f454e62ce4,CLBJ_024.basePlot.ltr,D11,CLBJ,CLBJ_024,31_400,"",33.396374,-97.569014,280.2,deciduousForest,tower,WGS84,10.1,0.1,2018-01-17,NEON.DOC.001710vE,N,"","",,qualifying vegetation fallen dead,jjamison@battelleecology.org,20240104T224934Z,RELEASE-2024
f2227df9-15d7-41ce-88d9-5966de1f2e33,CLBJ_006.basePlot.ltr,D11,CLBJ,CLBJ_006,31_400,CLBJ_006_140,33.398235,-97.566725,275.8,deciduousForest,tower,WGS84,20.1,0.1,2018-01-25,NEON.DOC.001710vE,Y,Ground,Random,1.5,"",jbarnett@battelleecology.org,20240104T224934Z,RELEASE-2024
3fc0abc0-960a-4822-8e33-730129e10b27,CLBJ_003.basePlot.ltr,D11,CLBJ,CLBJ_003,31_400,CLBJ_003_179,33.403989,-97.572744,273.4,deciduousForest,tower,WGS84,20.1,0.1,2018-03-14,NEON.DOC.001710vG,Y,Ground,Random,1.5,"","",20240104T224934Z,RELEASE-2024
f4822658-cdf9-46a5-b8c6-81c356fdcda8,CLBJ_006.basePlot.ltr,D11,CLBJ,CLBJ_006,31_400,CLBJ_006_014,33.398235,-97.566725,275.8,deciduousForest,tower,WGS84,20.1,0.1,2018-03-14,NEON.DOC.001710vE,Y,Elevated,Random,0.5,"",jbarnett@battelleecology.org,20240104T224934Z,RELEASE-2024
2b7a22de-af4a-4c60-bba0-8c4ef9a66642,CLBJ_021.basePlot.ltr,D11,CLBJ,CLBJ_021,31_400,CLBJ_021_064,33.398814,-97.569922,280.1,deciduousForest,tower,WGS84,10.1,0.1,2021-09-15,NEON.DOC.001710vH,Y,Elevated,Random,0.5,New location chosen to accomodate new LAI sampling - INC0049038,0000-0001-5569-8352,20240104T224934Z,RELEASE-2024
535f5522-00c1-4285-80a3-e6dfb69406a5,CLBJ_021.basePlot.ltr,D11,CLBJ,CLBJ_021,31_400,CLBJ_021_041,33.398814,-97.569922,280.1,deciduousForest,tower,WGS84,10.1,0.1,2022-02-01,NEON.DOC.001710vH,Y,Ground,Random,1.5,"",0000-0001-5569-8352,20240104T224934Z,RELEASE-2024
e33bbb8a-8ab6-4111-b445-bacd753b84fc,SJER_055.basePlot.ltr,D17,SJER,SJER_055,39_400,SJER_055_588,37.115869,-119.727986,427.3,deciduousForest,tower,WGS84,20.2,0.5,2016-10-11,NEON.DOC.001710vE,Y,Elevated,Targeted,0.5,Trap disturbed by cows when checked on December 5th and unsure if any litter had been lost at all,jgrisham@field-ops.org,20240104T225302Z,RELEASE-2024
3518c65f-388f-4e41-a244-3e5bbe180904,SJER_057.basePlot.ltr,D17,SJER,SJER_057,23_400,SJER_057_390,37.112613,-119.727884,434.4,evergreenForest,tower,WGS84,20.1,0.1,2016-10-12,NEON.DOC.001710vE,Y,Elevated,Targeted,0.5,"",krian@neoninc.org,20240104T225302Z,RELEASE-2024
67474853-45aa-4de3-8c27-3420da931214,SJER_057.basePlot.ltr,D17,SJER,SJER_057,39_400,SJER_057_670,37.112613,-119.727884,434.4,evergreenForest,tower,WGS84,20.1,0.1,2016-10-12,NEON.DOC.001710vE,Y,Elevated,Targeted,0.5,"",krian@neoninc.org,20240104T225302Z,RELEASE-2024
1c934cc3-2a9e-4815-ae25-a53c80c182ad,SJER_046.basePlot.ltr,D17,SJER,SJER_046,41_400,SJER_046_859,37.111276,-119.728168,431.8,evergreenForest,tower,WGS84,20.1,0.2,2016-10-12,NEON.DOC.001710vE,Y,Elevated,Targeted,0.5,"","",20240104T225302Z,RELEASE-2024
822ede47-2a6a-4cee-a3c7-2e16cd710abc,SJER_046.basePlot.ltr,D17,SJER,SJER_046,39_400,SJER_046_510,37.111276,-119.728168,431.8,evergreenForest,tower,WGS84,20.1,0.2,2016-10-12,NEON.DOC.001710vE,Y,Elevated,Targeted,0.5,"","",20240104T225302Z,RELEASE-2024
e8732a32-eb53-4ff0-aac7-9442b0ee073e,SJER_045.basePlot.ltr,D17,SJER,SJER_045,23_400,SJER_045_426,37.112827,-119.731615,412.9,evergreenForest,tower,WGS84,20.1,0.1,2016-10-12,NEON.DOC.001710vE,Y,Elevated,Targeted,0.5,"","",20240104T225302Z,RELEASE-2024
b6c6eccb-14d3-4e10-81fc-35345be0926f,SJER_064.basePlot.ltr,D17,SJER,SJER_064,39_400,SJER_064_707,37.109145,-119.726406,446.9,evergreenForest,tower,WGS84,20.1,0.1,2016-10-13,NEON.DOC.001710vE,Y,Elevated,Targeted,0.5,"","",20240104T225302Z,RELEASE-2024
25f50d64-6b1b-4ec7-a93b-e5db03a3ad38,SJER_064.basePlot.ltr,D17,SJER,SJER_064,21_400,SJER_064_192,37.109145,-119.726406,446.9,evergreenForest,tower,WGS84,20.1,0.1,2016-10-13,NEON.DOC.001710vE,Y,Elevated,Targeted,0.5,"","",20240104T225302Z,RELEASE-2024
417710ab-687c-4afe-85c1-52aeb3ec8dd6,SJER_062.basePlot.ltr,D17,SJER,SJER_062,23_400,"",37.112486,-119.734629,406.4,evergreenForest,tower,WGS84,20.1,0.2,2016-11-02,NEON.DOC.001710vE,N,"","",,"",jgrisham@field-ops.org,20240104T225302Z,RELEASE-2024
d42c5b28-5eae-433a-9b42-11246dc50364,SJER_055.basePlot.ltr,D17,SJER,SJER_055,21_400,SJER_055_154,37.115869,-119.727986,427.3,deciduousForest,tower,WGS84,20.2,0.5,2016-11-07,NEON.DOC.001710vE,Y,Ground,Targeted,1.5,"",jgrisham@field-ops.org,20240104T225302Z,RELEASE-2024
e7e09fc1-901a-493a-8c5f-161ae7f93e30,SJER_046.basePlot.ltr,D17,SJER,SJER_046,39_400,SJER_046_677,37.111276,-119.728168,431.8,evergreenForest,tower,WGS84,20.1,0.2,2016-11-07,NEON.DOC.001710vE,Y,Ground,Targeted,1.5,"","",20240104T225302Z,RELEASE-2024
c1252cd0-9258-406e-882d-6c8ace74b893,SJER_045.basePlot.ltr,D17,SJER,SJER_045,39_400,SJER_045_548,37.112827,-119.731615,412.9,evergreenForest,tower,WGS84,20.1,0.1,2016-11-07,NEON.DOC.001710vE,Y,Ground,Targeted,1.5,"","",20240104T225302Z,RELEASE-2024
9e9d6a08-2c7e-4c40-bf07-f2e16cf7537b,SJER_049.basePlot.ltr,D17,SJER,SJER_049,23_400,SJER_049_293,37.114248,-119.728963,426.3,evergreenForest,tower,WGS84,20.1,0.1,2016-11-07,NEON.DOC.001710vE,Y,Ground,Targeted,1.5,"",zlafaver@field-ops.org,20240104T225302Z,RELEASE-2024
350246dd-b9bf-47d8-ab77-f59d6e479fa7,SJER_064.basePlot.ltr,D17,SJER,SJER_064,21_400,SJER_064_198,37.109145,-119.726406,446.9,evergreenForest,tower,WGS84,20.1,0.1,2016-11-07,NEON.DOC.001710vE,Y,Ground,Targeted,1.5,"","",20240104T225302Z,RELEASE-2024
b5ab9e64-8c34-45f4-94d4-449d5996e4b9,SJER_046.basePlot.ltr,D17,SJER,SJER_046,41_400,SJER_046_945,37.111276,-119.728168,431.8,evergreenForest,tower,WGS84,20.1,0.2,2016-11-07,NEON.DOC.001710vE,Y,Ground,Targeted,1.5,"","",20240104T225302Z,RELEASE-2024
1f42052e-c81f-45e6-827e-eddfb2fc756a,SJER_057.basePlot.ltr,D17,SJER,SJER_057,39_400,SJER_057_707,37.112613,-119.727884,434.4,evergreenForest,tower,WGS84,20.1,0.1,2016-11-07,NEON.DOC.001710vE,Y,Ground,Targeted,1.5,"",krian@neoninc.org,20240104T225302Z,RELEASE-2024
ac7967ff-a79e-4bb9-be70-cf70330dfb65,SJER_064.basePlot.ltr,D17,SJER,SJER_064,39_400,SJER_064_640,37.109145,-119.726406,446.9,evergreenForest,tower,WGS84,20.1,0.1,2016-11-07,NEON.DOC.001710vE,Y,Ground,Targeted,1.5,"","",20240104T225302Z,RELEASE-2024
5606592a-41a4-4af8-8f7b-87b5fdecec1d,SJER_055.basePlot.ltr,D17,SJER,SJER_055,39_400,SJER_055_690,37.115869,-119.727986,427.3,deciduousForest,tower,WGS84,20.2,0.5,2016-11-07,NEON.DOC.001710vE,Y,Ground,Targeted,1.5,"",jgrisham@field-ops.org,20240104T225302Z,RELEASE-2024
342e7511-3448-4f27-8f4d-c567a9896b96,SJER_049.basePlot.ltr,D17,SJER,SJER_049,21_400,SJER_049_021,37.114248,-119.728963,426.3,evergreenForest,tower,WGS84,20.1,0.1,2016-11-07,NEON.DOC.001710vE,Y,Ground,Targeted,1.5,"",zlafaver@field-ops.org,20240104T225302Z,RELEASE-2024
0522332c-0443-439a-add4-12ddafe7a3cf,SJER_057.basePlot.ltr,D17,SJER,SJER_057,23_400,SJER_057_264,37.112613,-119.727884,434.4,evergreenForest,tower,WGS84,20.1,0.1,2016-11-07,NEON.DOC.001710vE,Y,Ground,Targeted,1.5,"",krian@neoninc.org,20240104T225302Z,RELEASE-2024
aee1bf72-967c-4e3d-866f-fcdc53d9df6f,SJER_045.basePlot.ltr,D17,SJER,SJER_045,23_400,SJER_045_389,37.112827,-119.731615,412.9,evergreenForest,tower,WGS84,20.1,0.1,2016-11-07,NEON.DOC.001710vE,Y,Ground,Targeted,1.5,"","",20240104T225302Z,RELEASE-2024
0a28396b-3854-48bf-982c-04c3ebb333ec,SJER_051.basePlot.ltr,D17,SJER,SJER_051,41_400,SJER_051_863,37.112335,-119.741378,381.4,evergreenForest,tower,WGS84,20.1,0.1,2016-11-07,NEON.DOC.001710vE,Y,Ground,Targeted,1.5,"",zlafaver@field-ops.org,20240104T225302Z,RELEASE-2024
514cebcd-9bce-4d92-b8fc-479707fe131a,SJER_047.basePlot.ltr,D17,SJER,SJER_047,39_400,SJER_047_537,37.101658,-119.734564,377.3,evergreenForest,tower,WGS84,20.2,0.2,2016-11-07,NEON.DOC.001710vE,Y,Elevated,Targeted,0.5,Shifted 1m south to anchor,krian@neoninc.org,20240104T225302Z,RELEASE-2024
fcec4999-7c9e-44d7-a60d-85dd4b89a434,SJER_058.basePlot.ltr,D17,SJER,SJER_058,39_400,SJER_058_667,37.104331,-119.735694,382.7,evergreenForest,tower,WGS84,20.1,0.1,2016-11-07,NEON.DOC.001710vE,Y,Elevated,Targeted,0.5,"",krian@neoninc.org,20240104T225302Z,RELEASE-2024
963b0138-ac32-4657-b894-fe49b0d1653c,SJER_050.basePlot.ltr,D17,SJER,SJER_050,21_400,SJER_050_209,37.112353,-119.739355,389.7,evergreenForest,tower,WGS84,20.1,0.2,2016-11-07,NEON.DOC.001710vE,Y,Elevated,Targeted,0.5,"",zlafaver@field-ops.org,20240104T225302Z,RELEASE-2024
480a2fe3-fa4c-4ffb-923b-4a1c7062b58a,SJER_059.basePlot.ltr,D17,SJER,SJER_059,21_400,SJER_059_012,37.10469,-119.731996,415,evergreenForest,tower,WGS84,20.1,0.1,2016-11-07,NEON.DOC.001710vE,Y,Ground,Targeted,1.5,"",krian@neoninc.org,20240104T225302Z,RELEASE-2024
2603219c-01af-4a8d-a421-7cb6f388cf98,SJER_052.basePlot.ltr,D17,SJER,SJER_052,21_400,SJER_052_113,37.109472,-119.723712,431.6,evergreenForest,tower,WGS84,20.1,0.1,2016-11-07,NEON.DOC.001710vE,Y,Elevated,Targeted,0.5,"",krian@neoninc.org,20240104T225302Z,RELEASE-2024
2aefca83-7309-46fc-8811-89aa271721b8,SJER_058.basePlot.ltr,D17,SJER,SJER_058,41_400,SJER_058_901,37.104331,-119.735694,382.7,evergreenForest,tower,WGS84,20.1,0.1,2016-11-07,NEON.DOC.001710vE,Y,Ground,Targeted,1.5,"",krian@neoninc.org,20240104T225302Z,RELEASE-2024
67eda89a-1cb1-45e6-824e-f7b605440d30,SJER_050.basePlot.ltr,D17,SJER,SJER_050,39_400,SJER_050_711,37.112353,-119.739355,389.7,evergreenForest,tower,WGS84,20.1,0.2,2016-11-07,NEON.DOC.001710vE,Y,Ground,Targeted,1.5,"",zlafaver@field-ops.org,20240104T225302Z,RELEASE-2024
a9642c0a-8d76-4a7d-89b2-5ed5813ce124,SJER_062.basePlot.ltr,D17,SJER,SJER_062,21_400,SJER_062_020,37.112486,-119.734629,406.4,evergreenForest,tower,WGS84,20.1,0.2,2016-11-07,NEON.DOC.001710vE,Y,Elevated,Targeted,0.5,"",krian@neoninc.org,20240104T225302Z,RELEASE-2024
4cdb2e89-e464-4637-b009-e2acff52e477,SJER_048.basePlot.ltr,D17,SJER,SJER_048,39_400,SJER_048_567,37.110011,-119.735218,381.8,evergreenForest,tower,WGS84,20.1,0.2,2016-11-07,NEON.DOC.001710vE,Y,Ground,Targeted,1.5,East corners spray painted,krian@neoninc.org,20240104T225302Z,RELEASE-2024
5435b68f-522f-41af-a7f3-bf2f8f532522,SJER_050.basePlot.ltr,D17,SJER,SJER_050,21_400,SJER_050_006,37.112353,-119.739355,389.7,evergreenForest,tower,WGS84,20.1,0.2,2016-11-07,NEON.DOC.001710vE,Y,Ground,Targeted,1.5,"",zlafaver@field-ops.org,20240104T225302Z,RELEASE-2024
a6465bdf-e924-416a-8c07-1894790e90fb,SJER_052.basePlot.ltr,D17,SJER,SJER_052,21_400,SJER_052_151,37.109472,-119.723712,431.6,evergreenForest,tower,WGS84,20.1,0.1,2016-11-07,NEON.DOC.001710vE,Y,Ground,Targeted,1.5,Two stakes not used. Spray painted instead,krian@neoninc.org,20240104T225302Z,RELEASE-2024
8d43d250-3eff-4ae1-9d30-8a27ab686734,SJER_053.basePlot.ltr,D17,SJER,SJER_053,21_400,SJER_053_098,37.110797,-119.73658,387.3,grasslandHerbaceous,tower,WGS84,20.1,0.2,2016-11-07,NEON.DOC.001710vE,Y,Ground,Targeted,1.5,"",zlafaver@field-ops.org,20240104T225302Z,RELEASE-2024
15281d63-1e8a-4f93-b733-56c9b81d82f0,SJER_059.basePlot.ltr,D17,SJER,SJER_059,23_400,SJER_059_281,37.10469,-119.731996,415,evergreenForest,tower,WGS84,20.1,0.1,2016-11-07,NEON.DOC.001710vE,Y,Elevated,Targeted,0.5,"",krian@neoninc.org,20240104T225302Z,RELEASE-2024
76a65ddf-e039-4926-8254-1e2c007c90e9,SJER_048.basePlot.ltr,D17,SJER,SJER_048,41_400,SJER_048_882,37.110011,-119.735218,381.8,evergreenForest,tower,WGS84,20.1,0.2,2016-11-07,NEON.DOC.001710vE,Y,Ground,Targeted,1.5,"",krian@neoninc.org,20240104T225302Z,RELEASE-2024
4e6e0b1f-60a0-4f31-a65c-1f7e24cffe9c,SJER_054.basePlot.ltr,D17,SJER,SJER_054,39_400,SJER_054_659,37.116298,-119.732737,464.9,evergreenForest,tower,WGS84,20.1,0.1,2016-11-07,NEON.DOC.001710vE,Y,Ground,Targeted,1.5,"",krian@neoninc.org,20240104T225302Z,RELEASE-2024
d593b909-8fd6-4c22-87c9-4a98aded7e77,SJER_051.basePlot.ltr,D17,SJER,SJER_051,39_400,SJER_051_562,37.112335,-119.741378,381.4,evergreenForest,tower,WGS84,20.1,0.1,2016-11-07,NEON.DOC.001710vE,Y,Ground,Targeted,1.5,"",zlafaver@field-ops.org,20240104T225302Z,RELEASE-2024
bd425183-c845-446a-ab2a-26e6632c3c80,SJER_052.basePlot.ltr,D17,SJER,SJER_052,23_400,SJER_052_406,37.109472,-119.723712,431.6,evergreenForest,tower,WGS84,20.1,0.1,2016-11-07,NEON.DOC.001710vE,Y,Ground,Targeted,1.5,No stakes used. Spray painted instead,krian@neoninc.org,20240104T225302Z,RELEASE-2024
cdb83146-5650-433b-8514-e2dc28f25848,SJER_047.basePlot.ltr,D17,SJER,SJER_047,21_400,SJER_047_072,37.101658,-119.734564,377.3,evergreenForest,tower,WGS84,20.2,0.2,2016-11-07,NEON.DOC.001710vE,Y,Elevated,Targeted,0.5,"",krian@neoninc.org,20240104T225302Z,RELEASE-2024
6fac73fe-5461-4c8d-b288-07f6db209f5a,SJER_060.basePlot.ltr,D17,SJER,SJER_060,39_400,SJER_060_508,37.114139,-119.733337,433,evergreenForest,tower,WGS84,20.1,0.1,2016-11-07,NEON.DOC.001710vE,Y,Ground,Targeted,1.5,"",krian@neoninc.org,20240104T225302Z,RELEASE-2024
34a51c37-2f4d-48af-a46a-5cce87b4eb42,SJER_050.basePlot.ltr,D17,SJER,SJER_050,39_400,SJER_050_542,37.112353,-119.739355,389.7,evergreenForest,tower,WGS84,20.1,0.2,2016-11-07,NEON.DOC.001710vE,Y,Elevated,Targeted,0.5,"",zlafaver@field-ops.org,20240104T225302Z,RELEASE-2024
71d3ff4a-21ff-4a76-9756-8101104246d0,SJER_051.basePlot.ltr,D17,SJER,SJER_051,41_400,SJER_051_847,37.112335,-119.741378,381.4,evergreenForest,tower,WGS84,20.1,0.1,2016-11-07,NEON.DOC.001710vE,Y,Elevated,Targeted,0.5,"",zlafaver@field-ops.org,20240104T225302Z,RELEASE-2024
13878d99-b944-443b-b937-be08233dbc01,SJER_047.basePlot.ltr,D17,SJER,SJER_047,39_400,SJER_047_573,37.101658,-119.734564,377.3,evergreenForest,tower,WGS84,20.2,0.2,2016-11-07,NEON.DOC.001710vE,Y,Ground,Targeted,1.5,"",krian@neoninc.org,20240104T225302Z,RELEASE-2024
8f414b83-1714-43e2-9fd9-55543bd6787c,SJER_054.basePlot.ltr,D17,SJER,SJER_054,21_400,SJER_054_162,37.116298,-119.732737,464.9,evergreenForest,tower,WGS84,20.1,0.1,2016-11-07,NEON.DOC.001710vE,Y,Ground,Targeted,1.5,"",krian@neoninc.org,20240104T225302Z,RELEASE-2024
ce387ced-4468-4c65-a971-01cfa8bc41eb,SJER_062.basePlot.ltr,D17,SJER,SJER_062,21_400,SJER_062_186,37.112486,-119.734629,406.4,evergreenForest,tower,WGS84,20.1,0.2,2016-11-07,NEON.DOC.001710vE,Y,Ground,Targeted,1.5,"",krian@neoninc.org,20240104T225302Z,RELEASE-2024
85dbf412-8ade-4e92-8891-f12d706c93c6,SJER_059.basePlot.ltr,D17,SJER,SJER_059,23_400,SJER_059_349,37.10469,-119.731996,415,evergreenForest,tower,WGS84,20.1,0.1,2016-11-07,NEON.DOC.001710vE,Y,Ground,Targeted,1.5,"",krian@neoninc.org,20240104T225302Z,RELEASE-2024
2603849f-d383-4cbb-8143-91a30739f1ec,SJER_059.basePlot.ltr,D17,SJER,SJER_059,21_400,SJER_059_041,37.10469,-119.731996,415,evergreenForest,tower,WGS84,20.1,0.1,2016-11-07,NEON.DOC.001710vE,Y,Elevated,Targeted,0.5,"",krian@neoninc.org,20240104T225302Z,RELEASE-2024
fb08a31a-1d95-4270-ba32-335c17769918,SJER_052.basePlot.ltr,D17,SJER,SJER_052,23_400,SJER_052_354,37.109472,-119.723712,431.6,evergreenForest,tower,WGS84,20.1,0.1,2016-11-07,NEON.DOC.001710vE,Y,Elevated,Targeted,0.5,"",krian@neoninc.org,20240104T225302Z,RELEASE-2024
ffbca24d-b80d-44c3-82a5-133c35be513b,SJER_053.basePlot.ltr,D17,SJER,SJER_053,23_400,SJER_053_307,37.110797,-119.73658,387.3,grasslandHerbaceous,tower,WGS84,20.1,0.2,2016-11-07,NEON.DOC.001710vE,Y,Ground,Targeted,1.5,"",zlafaver@field-ops.org,20240104T225302Z,RELEASE-2024
8c19673d-abd6-4184-9240-2764c7ad2f03,SJER_051.basePlot.ltr,D17,SJER,SJER_051,39_400,SJER_051_687,37.112335,-119.741378,381.4,evergreenForest,tower,WGS84,20.1,0.1,2016-11-07,NEON.DOC.001710vE,Y,Elevated,Targeted,0.5,"",zlafaver@field-ops.org,20240104T225302Z,RELEASE-2024
b9d4af75-a202-45f7-a577-a98b164db2a3,SJER_058.basePlot.ltr,D17,SJER,SJER_058,39_400,SJER_058_648,37.104331,-119.735694,382.7,evergreenForest,tower,WGS84,20.1,0.1,2016-11-07,NEON.DOC.001710vE,Y,Ground,Targeted,1.5,"",krian@neoninc.org,20240104T225302Z,RELEASE-2024
08267e90-0ace-4b03-9399-b07a6fd3d1f1,SJER_047.basePlot.ltr,D17,SJER,SJER_047,21_400,SJER_047_041,37.101658,-119.734564,377.3,evergreenForest,tower,WGS84,20.2,0.2,2016-11-07,NEON.DOC.001710vE,Y,Ground,Targeted,1.5,"",krian@neoninc.org,20240104T225302Z,RELEASE-2024
7181c373-b9a5-4526-95fa-c9c0a280cddf,SJER_058.basePlot.ltr,D17,SJER,SJER_058,41_400,SJER_058_791,37.104331,-119.735694,382.7,evergreenForest,tower,WGS84,20.1,0.1,2016-11-07,NEON.DOC.001710vE,Y,Elevated,Targeted,0.5,"",krian@neoninc.org,20240104T225302Z,RELEASE-2024
f8217b7b-5389-4ccc-9b24-b1c173e6851a,SJER_060.basePlot.ltr,D17,SJER,SJER_060,23_400,"",37.114139,-119.733337,433,evergreenForest,tower,WGS84,20.1,0.1,2016-11-07,NEON.DOC.001710vE,N,"","",,"",jgrisham@field-ops.org,20240104T225302Z,RELEASE-2024
ac1701de-7ef1-4718-b061-97bcf686b4fe,SJER_063.basePlot.ltr,D17,SJER,SJER_063,41_400,SJER_063_898,37.110753,-119.738943,377.6,evergreenForest,tower,WGS84,20.1,0.2,2016-11-08,NEON.DOC.001710vE,Y,Ground,Targeted,1.5,"",jgrisham@field-ops.org,20240104T225302Z,RELEASE-2024
ca1ac136-d0b0-453c-bed6-09524e037a87,SJER_061.basePlot.ltr,D17,SJER,SJER_061,39_400,"",37.113726,-119.73939,399.2,evergreenForest,tower,WGS84,20.1,0.2,2016-11-08,NEON.DOC.001710vE,N,"","",,"",jgrisham@field-ops.org,20240104T225302Z,RELEASE-2024
617d4544-7756-4615-8bca-3c2f02d5e280,SJER_063.basePlot.ltr,D17,SJER,SJER_063,23_400,SJER_063_366,37.110753,-119.738943,377.6,evergreenForest,tower,WGS84,20.1,0.2,2016-11-08,NEON.DOC.001710vE,Y,Ground,Targeted,1.5,"",jgrisham@field-ops.org,20240104T225302Z,RELEASE-2024
4c312943-33cd-4bb0-9b99-7cba0fde0dc2,SJER_061.basePlot.ltr,D17,SJER,SJER_061,41_400,SJER_061_803,37.113726,-119.73939,399.2,evergreenForest,tower,WGS84,20.1,0.2,2016-11-08,NEON.DOC.001710vE,Y,Ground,Targeted,1.5,"",jgrisham@field-ops.org,20240104T225302Z,RELEASE-2024
dbbad678-f700-40d9-a1c8-0ecf0a57eca9,SJER_056.basePlot.ltr,D17,SJER,SJER_056,23_400,SJER_056_266,37.116232,-119.735771,456.4,evergreenForest,tower,WGS84,20.1,0.1,2016-11-08,NEON.DOC.001710vE,Y,Ground,Targeted,1.5,"",jgrisham@field-ops.org,20240104T225302Z,RELEASE-2024
2df0314f-40d3-4148-beec-74b2af4f5358,SJER_056.basePlot.ltr,D17,SJER,SJER_056,39_400,SJER_056_513,37.116232,-119.735771,456.4,evergreenForest,tower,WGS84,20.1,0.1,2016-11-08,NEON.DOC.001710vE,Y,Ground,Targeted,1.5,"",jgrisham@field-ops.org,20240104T225302Z,RELEASE-2024
acbfb5d5-dac8-4b0b-9358-52396f9e26bb,SJER_055.basePlot.ltr,D17,SJER,SJER_055,21_400,SJER_055_040,37.115869,-119.727986,427.3,deciduousForest,tower,WGS84,20.2,0.5,2016-12-05,NEON.DOC.001710vE,Y,Elevated,Targeted,0.5,Reset 20161229 because cows overturned it,jgrisham@field-ops.org,20240104T225302Z,RELEASE-2024
a502ba10-1e89-4704-90d8-2f37428981f4,SJER_060.basePlot.ltr,D17,SJER,SJER_060,39_400,SJER_060_572,37.114139,-119.733337,433,evergreenForest,tower,WGS84,20.1,0.1,2016-12-07,NEON.DOC.001710vE,Y,Elevated,Targeted,0.5,Reset trap because cows broke it,krian@neoninc.org,20240104T225302Z,RELEASE-2024
51b32a46-025a-4214-8e7b-12d73975eb64,SJER_054.basePlot.ltr,D17,SJER,SJER_054,39_400,SJER_054_609,37.116298,-119.732737,464.9,evergreenForest,tower,WGS84,20.1,0.1,2016-12-07,NEON.DOC.001710vE,Y,Elevated,Targeted,0.5,Trap reset because cows broke it,krian@neoninc.org,20240104T225302Z,RELEASE-2024
9fcd97dd-b939-4b27-a152-609220645af2,SJER_054.basePlot.ltr,D17,SJER,SJER_054,21_400,SJER_054_008,37.116298,-119.732737,464.9,evergreenForest,tower,WGS84,20.1,0.1,2016-12-07,NEON.DOC.001710vE,Y,Elevated,Targeted,0.5,Trap reset because cows broke it,krian@neoninc.org,20240104T225302Z,RELEASE-2024
2ff94631-2d9f-47b3-8282-71fcf62bc5e7,SJER_056.basePlot.ltr,D17,SJER,SJER_056,39_400,SJER_056_525,37.116232,-119.735771,456.4,evergreenForest,tower,WGS84,20.1,0.1,2016-12-07,NEON.DOC.001710vE,Y,Elevated,Targeted,0.5,Reset trap because cows broke it,jgrisham@field-ops.org,20240104T225302Z,RELEASE-2024
30398017-c424-4219-bc6e-6c350b508f2d,SJER_049.basePlot.ltr,D17,SJER,SJER_049,21_400,SJER_049_011,37.114248,-119.728963,426.3,evergreenForest,tower,WGS84,20.1,0.1,2016-12-07,NEON.DOC.001710vE,Y,Elevated,Targeted,0.5,Trap reset because cows broke it,zlafaver@field-ops.org,20240104T225302Z,RELEASE-2024
335d0b60-3356-4860-978b-52a4c6cb92b1,SJER_049.basePlot.ltr,D17,SJER,SJER_049,23_400,SJER_049_301,37.114248,-119.728963,426.3,evergreenForest,tower,WGS84,20.1,0.1,2016-12-07,NEON.DOC.001710vE,Y,Elevated,Targeted,0.5,"",zlafaver@field-ops.org,20240104T225302Z,RELEASE-2024
ad612e3f-26d9-4f4f-b107-ecc2f0c6e607,SJER_061.basePlot.ltr,D17,SJER,SJER_061,41_400,SJER_061_763,37.113726,-119.73939,399.2,evergreenForest,tower,WGS84,20.1,0.2,2016-12-07,NEON.DOC.001710vE,Y,Elevated,Targeted,0.5,Reset because cows broke it,jgrisham@field-ops.org,20240104T225302Z,RELEASE-2024
7abba159-791f-4279-b085-f5b0e8870eab,SJER_053.basePlot.ltr,D17,SJER,SJER_053,21_400,SJER_053_025,37.110797,-119.73658,387.3,grasslandHerbaceous,tower,WGS84,20.1,0.2,2016-12-08,NEON.DOC.001710vE,Y,Elevated,Targeted,0.5,Trap reset because cows broke it,zlafaver@field-ops.org,20240104T225302Z,RELEASE-2024
624df69b-4e88-453f-a2b7-b7b2df0fdd2a,SJER_063.basePlot.ltr,D17,SJER,SJER_063,23_400,SJER_063_276,37.110753,-119.738943,377.6,evergreenForest,tower,WGS84,20.1,0.2,2016-12-08,NEON.DOC.001710vE,Y,Elevated,Targeted,0.5,Reset because cows broke it,jgrisham@field-ops.org,20240104T225302Z,RELEASE-2024
668efdc6-c9f8-4f03-9b94-dfe76590e7e1,SJER_048.basePlot.ltr,D17,SJER,SJER_048,39_400,SJER_048_597,37.110011,-119.735218,381.8,evergreenForest,tower,WGS84,20.1,0.2,2016-12-08,NEON.DOC.001710vE,Y,Elevated,Targeted,0.5,Trap reset because cows broke it,krian@neoninc.org,20240104T225302Z,RELEASE-2024
593b0a96-0a00-4e86-ba7b-d38f6f9b8877,SJER_048.basePlot.ltr,D17,SJER,SJER_048,41_400,SJER_048_894,37.110011,-119.735218,381.8,evergreenForest,tower,WGS84,20.1,0.2,2016-12-08,NEON.DOC.001710vE,Y,Elevated,Targeted,0.5,Trap shifted 1 m north in order to anchor. reset because cows broke it,krian@neoninc.org,20240104T225302Z,RELEASE-2024
14bf6269-7512-4892-b771-0cac4f996470,SJER_053.basePlot.ltr,D17,SJER,SJER_053,23_400,SJER_053_336,37.110797,-119.73658,387.3,grasslandHerbaceous,tower,WGS84,20.1,0.2,2016-12-08,NEON.DOC.001710vE,Y,Elevated,Targeted,0.5,Trap reset because cows broke it,krian@neoninc.org,20240104T225302Z,RELEASE-2024
56973d68-6265-42a0-a1af-49d23998e45c,SJER_063.basePlot.ltr,D17,SJER,SJER_063,41_400,SJER_063_763,37.110753,-119.738943,377.6,evergreenForest,tower,WGS84,20.1,0.2,2016-12-08,NEON.DOC.001710vE,Y,Elevated,Targeted,0.5,Reset because cows broke it,jgrisham@field-ops.org,20240104T225302Z,RELEASE-2024
21f20f82-04da-40f1-9a26-1613f017d6a3,SJER_056.basePlot.ltr,D17,SJER,SJER_056,23_400,SJER_056_272,37.116232,-119.735771,456.4,evergreenForest,tower,WGS84,20.1,0.1,2016-12-08,NEON.DOC.001710vE,Y,Elevated,Targeted,0.5,Trap reset because cows broke it,jgrisham@field-ops.org,20240104T225302Z,RELEASE-2024
0b4ab08c-d8e5-4082-bdf1-a4ec2bfef4d9,SJER_045.basePlot.ltr,D17,SJER,SJER_045,39_400,SJER_045_713,37.112827,-119.731615,412.9,evergreenForest,tower,WGS84,20.1,0.1,2016-12-08,NEON.DOC.001710vE,Y,Elevated,Targeted,0.5,Trap reset because cows broke it,"",20240104T225302Z,RELEASE-2024
5be7d3a9-be30-4bdd-8792-6eac10fb59a0,SJER_049.basePlot.ltr,D17,SJER,SJER_049,21_400,SJER_049_200,37.114248,-119.728963,426.3,evergreenForest,tower,WGS84,20.1,0.1,2020-02-25,NEON.DOC.001710vG,Y,Elevated,Targeted,0.5,"",0000-0002-6220-0994,20240104T225302Z,RELEASE-2024
03863c74-6303-41e9-b859-da4d5d0c346e,SJER_064.basePlot.ltr,D17,SJER,SJER_064,21_400,SJER_064_048,37.109145,-119.726406,446.9,evergreenForest,tower,WGS84,20.1,0.1,2020-03-25,NEON.DOC.001710vG,Y,Elevated,Targeted,0.5,"","",20240104T225302Z,RELEASE-2024
